file,line,type,commit,author,date,time,timezone,datetime,depth,length
style.css,1,css,ad2c2383,Joshuaamm7,2026-05-01,23:31:27,-07:00,2026-05-01T23:31:27-07:00,0,1
style.css,2,css,ad2c2383,Joshuaamm7,2026-05-01,23:31:27,-07:00,2026-05-01T23:31:27-07:00,1,21
style.css,3,css,ad2c2383,Joshuaamm7,2026-05-01,23:31:27,-07:00,2026-05-01T23:31:27-07:00,0,0
style.css,4,css,ad2c2383,Joshuaamm7,2026-05-01,23:31:27,-07:00,2026-05-01T23:31:27-07:00,0,0
style.css,5,css,ad2c2383,Joshuaamm7,2026-05-01,23:31:27,-07:00,2026-05-01T23:31:27-07:00,0,5
style.css,6,css,ad2c2383,Joshuaamm7,2026-05-01,23:31:27,-07:00,2026-05-01T23:31:27-07:00,1,45
style.css,7,css,ad2c2383,Joshuaamm7,2026-05-01,23:31:27,-07:00,2026-05-01T23:31:27-07:00,0,0
style.css,8,css,ad2c2383,Joshuaamm7,2026-05-01,23:31:27,-07:00,2026-05-01T23:31:27-07:00,0,0
style.css,9,css,ad2c2383,Joshuaamm7,2026-05-01,23:31:27,-07:00,2026-05-01T23:31:27-07:00,0,4
style.css,10,css,ad2c2383,Joshuaamm7,2026-05-01,23:31:27,-07:00,2026-05-01T23:31:27-07:00,1,32
style.css,11,css,ad2c2383,Joshuaamm7,2026-05-01,23:31:27,-07:00,2026-05-01T23:31:27-07:00,1,23
style.css,12,css,ad2c2383,Joshuaamm7,2026-05-01,23:31:27,-07:00,2026-05-01T23:31:27-07:00,0,0
style.css,13,css,ad2c2383,Joshuaamm7,2026-05-01,23:31:27,-07:00,2026-05-01T23:31:27-07:00,0,0
style.css,14,css,c03ba889,Joshuaamm7,2026-04-03,20:12:28,-07:00,2026-04-03T20:12:28-07:00,0,4
style.css,15,css,0d343e30,Joshuaamm7,2026-04-10,19:32:04,-07:00,2026-04-10T19:32:04-07:00,1,15
style.css,16,css,0d343e30,Joshuaamm7,2026-04-10,19:32:04,-07:00,2026-04-10T19:32:04-07:00,1,13
style.css,17,css,0d343e30,Joshuaamm7,2026-04-10,19:32:04,-07:00,2026-04-10T19:32:04-07:00,1,19
style.css,18,css,ad2c2383,Joshuaamm7,2026-05-01,23:31:27,-07:00,2026-05-01T23:31:27-07:00,1,23
style.css,19,css,ad2c2383,Joshuaamm7,2026-05-01,23:31:27,-07:00,2026-05-01T23:31:27-07:00,1,16
style.css,20,css,0d343e30,Joshuaamm7,2026-04-10,19:32:04,-07:00,2026-04-10T19:32:04-07:00,0,0
style.css,21,css,c56313a8,Joshuaamm7,2026-04-10,20:14:30,-07:00,2026-04-10T20:14:30-07:00,0,0
style.css,22,css,c56313a8,Joshuaamm7,2026-04-10,20:14:30,-07:00,2026-04-10T20:14:30-07:00,0,4
style.css,23,css,c56313a8,Joshuaamm7,2026-04-10,20:14:30,-07:00,2026-04-10T20:14:30-07:00,0,7
style.css,24,css,289cbd03,Joshuaamm7,2026-04-17,17:30:29,-07:00,2026-04-17T17:30:29-07:00,0,5
style.css,25,css,289cbd03,Joshuaamm7,2026-04-17,17:30:29,-07:00,2026-04-17T17:30:29-07:00,0,6
style.css,26,css,c56313a8,Joshuaamm7,2026-04-10,20:14:30,-07:00,2026-04-10T20:14:30-07:00,1,12
style.css,27,css,c56313a8,Joshuaamm7,2026-04-10,20:14:30,-07:00,2026-04-10T20:14:30-07:00,0,0
style.css,28,css,c56313a8,Joshuaamm7,2026-04-10,20:14:30,-07:00,2026-04-10T20:14:30-07:00,0,0
style.css,29,css,ad2c2383,Joshuaamm7,2026-05-01,23:31:27,-07:00,2026-05-01T23:31:27-07:00,0,16
style.css,30,css,c56313a8,Joshuaamm7,2026-04-10,20:14:30,-07:00,2026-04-10T20:14:30-07:00,0,4
style.css,31,css,c56313a8,Joshuaamm7,2026-04-10,20:14:30,-07:00,2026-04-10T20:14:30-07:00,1,12
style.css,32,css,c56313a8,Joshuaamm7,2026-04-10,20:14:30,-07:00,2026-04-10T20:14:30-07:00,1,30
style.css,33,css,c56313a8,Joshuaamm7,2026-04-10,20:14:30,-07:00,2026-04-10T20:14:30-07:00,1,7
style.css,34,css,c56313a8,Joshuaamm7,2026-04-10,20:14:30,-07:00,2026-04-10T20:14:30-07:00,0,0
style.css,35,css,c56313a8,Joshuaamm7,2026-04-10,20:14:30,-07:00,2026-04-10T20:14:30-07:00,0,0
style.css,36,css,385e64b3,Joshuaamm7,2026-04-17,17:36:05,-07:00,2026-04-17T17:36:05-07:00,0,10
style.css,37,css,c56313a8,Joshuaamm7,2026-04-10,20:14:30,-07:00,2026-04-10T20:14:30-07:00,1,12
style.css,38,css,c56313a8,Joshuaamm7,2026-04-10,20:14:30,-07:00,2026-04-10T20:14:30-07:00,1,29
style.css,39,css,c56313a8,Joshuaamm7,2026-04-10,20:14:30,-07:00,2026-04-10T20:14:30-07:00,1,18
style.css,40,css,c56313a8,Joshuaamm7,2026-04-10,20:14:30,-07:00,2026-04-10T20:14:30-07:00,0,0
style.css,41,css,c56313a8,Joshuaamm7,2026-04-10,20:14:30,-07:00,2026-04-10T20:14:30-07:00,0,0
style.css,42,css,c56313a8,Joshuaamm7,2026-04-10,20:14:30,-07:00,2026-04-10T20:14:30-07:00,0,6
style.css,43,css,c56313a8,Joshuaamm7,2026-04-10,20:14:30,-07:00,2026-04-10T20:14:30-07:00,1,18
style.css,44,css,c56313a8,Joshuaamm7,2026-04-10,20:14:30,-07:00,2026-04-10T20:14:30-07:00,1,9
style.css,45,css,c56313a8,Joshuaamm7,2026-04-10,20:14:30,-07:00,2026-04-10T20:14:30-07:00,1,15
style.css,46,css,c56313a8,Joshuaamm7,2026-04-10,20:14:30,-07:00,2026-04-10T20:14:30-07:00,0,0
style.css,47,css,c56313a8,Joshuaamm7,2026-04-10,20:14:30,-07:00,2026-04-10T20:14:30-07:00,0,0
style.css,48,css,ad2c2383,Joshuaamm7,2026-05-01,23:31:27,-07:00,2026-05-01T23:31:27-07:00,0,14
style.css,49,css,0d343e30,Joshuaamm7,2026-04-10,19:32:04,-07:00,2026-04-10T19:32:04-07:00,0,5
style.css,50,css,0d343e30,Joshuaamm7,2026-04-10,19:32:04,-07:00,2026-04-10T19:32:04-07:00,0,6
style.css,51,css,0d343e30,Joshuaamm7,2026-04-10,19:32:04,-07:00,2026-04-10T19:32:04-07:00,1,16
style.css,52,css,0d343e30,Joshuaamm7,2026-04-10,19:32:04,-07:00,2026-04-10T19:32:04-07:00,0,0
style.css,53,css,0d343e30,Joshuaamm7,2026-04-10,19:32:04,-07:00,2026-04-10T19:32:04-07:00,0,0
style.css,54,css,0d343e30,Joshuaamm7,2026-04-10,19:32:04,-07:00,2026-04-10T19:32:04-07:00,0,3
style.css,55,css,ad2c2383,Joshuaamm7,2026-05-01,23:31:27,-07:00,2026-05-01T23:31:27-07:00,1,39
style.css,56,css,0d343e30,Joshuaamm7,2026-04-10,19:32:04,-07:00,2026-04-10T19:32:04-07:00,1,12
style.css,57,css,0d343e30,Joshuaamm7,2026-04-10,19:32:04,-07:00,2026-04-10T19:32:04-07:00,1,8
style.css,58,css,0d343e30,Joshuaamm7,2026-04-10,19:32:04,-07:00,2026-04-10T19:32:04-07:00,1,16
style.css,59,css,0d343e30,Joshuaamm7,2026-04-10,19:32:04,-07:00,2026-04-10T19:32:04-07:00,1,18
style.css,60,css,0d343e30,Joshuaamm7,2026-04-10,19:32:04,-07:00,2026-04-10T19:32:04-07:00,1,14
style.css,61,css,ad2c2383,Joshuaamm7,2026-05-01,23:31:27,-07:00,2026-05-01T23:31:27-07:00,1,43
style.css,62,css,0d343e30,Joshuaamm7,2026-04-10,19:32:04,-07:00,2026-04-10T19:32:04-07:00,0,0
style.css,63,css,0d343e30,Joshuaamm7,2026-04-10,19:32:04,-07:00,2026-04-10T19:32:04-07:00,0,0
style.css,64,css,0d343e30,Joshuaamm7,2026-04-10,19:32:04,-07:00,2026-04-10T19:32:04-07:00,0,5
style.css,65,css,0d343e30,Joshuaamm7,2026-04-10,19:32:04,-07:00,2026-04-10T19:32:04-07:00,1,6
style.css,66,css,0d343e30,Joshuaamm7,2026-04-10,19:32:04,-07:00,2026-04-10T19:32:04-07:00,1,20
style.css,67,css,0d343e30,Joshuaamm7,2026-04-10,19:32:04,-07:00,2026-04-10T19:32:04-07:00,1,13
style.css,68,css,0d343e30,Joshuaamm7,2026-04-10,19:32:04,-07:00,2026-04-10T19:32:04-07:00,1,17
style.css,69,css,0d343e30,Joshuaamm7,2026-04-10,19:32:04,-07:00,2026-04-10T19:32:04-07:00,1,13
style.css,70,css,0d343e30,Joshuaamm7,2026-04-10,19:32:04,-07:00,2026-04-10T19:32:04-07:00,0,0
style.css,71,css,ad2c2383,Joshuaamm7,2026-05-01,23:31:27,-07:00,2026-05-01T23:31:27-07:00,0,0
style.css,72,css,0d343e30,Joshuaamm7,2026-04-10,19:32:04,-07:00,2026-04-10T19:32:04-07:00,0,13
style.css,73,css,0084b7ed,Joshuaamm7,2026-04-10,19:50:34,-07:00,2026-04-10T19:50:34-07:00,1,45
style.css,74,css,0d343e30,Joshuaamm7,2026-04-10,19:32:04,-07:00,2026-04-10T19:32:04-07:00,1,20
style.css,75,css,0d343e30,Joshuaamm7,2026-04-10,19:32:04,-07:00,2026-04-10T19:32:04-07:00,0,0
style.css,76,css,0d343e30,Joshuaamm7,2026-04-10,19:32:04,-07:00,2026-04-10T19:32:04-07:00,0,0
style.css,77,css,0d343e30,Joshuaamm7,2026-04-10,19:32:04,-07:00,2026-04-10T19:32:04-07:00,0,11
style.css,78,css,0084b7ed,Joshuaamm7,2026-04-10,19:50:34,-07:00,2026-04-10T19:50:34-07:00,1,45
style.css,79,css,ad2c2383,Joshuaamm7,2026-05-01,23:31:27,-07:00,2026-05-01T23:31:27-07:00,1,69
style.css,80,css,2aba1d94,Joshuaamm7,2026-04-11,02:47:26,-07:00,2026-04-11T02:47:26-07:00,0,0
style.css,81,css,2aba1d94,Joshuaamm7,2026-04-11,02:47:26,-07:00,2026-04-11T02:47:26-07:00,0,0
style.css,82,css,ad2c2383,Joshuaamm7,2026-05-01,23:31:27,-07:00,2026-05-01T23:31:27-07:00,0,12
style.css,83,css,1062763c,Joshuaamm7,2026-04-11,02:02:20,-07:00,2026-04-11T02:02:20-07:00,0,2
style.css,84,css,1062763c,Joshuaamm7,2026-04-11,02:02:20,-07:00,2026-04-11T02:02:20-07:00,1,14
style.css,85,css,1062763c,Joshuaamm7,2026-04-11,02:02:20,-07:00,2026-04-11T02:02:20-07:00,0,0
style.css,86,css,1062763c,Joshuaamm7,2026-04-11,02:02:20,-07:00,2026-04-11T02:02:20-07:00,0,0
style.css,87,css,1062763c,Joshuaamm7,2026-04-11,02:02:20,-07:00,2026-04-11T02:02:20-07:00,0,1
style.css,88,css,1062763c,Joshuaamm7,2026-04-11,02:02:20,-07:00,2026-04-11T02:02:20-07:00,0,1
style.css,89,css,1062763c,Joshuaamm7,2026-04-11,02:02:20,-07:00,2026-04-11T02:02:20-07:00,0,1
style.css,90,css,1062763c,Joshuaamm7,2026-04-11,02:02:20,-07:00,2026-04-11T02:02:20-07:00,0,1
style.css,91,css,1062763c,Joshuaamm7,2026-04-11,02:02:20,-07:00,2026-04-11T02:02:20-07:00,0,1
style.css,92,css,1062763c,Joshuaamm7,2026-04-11,02:02:20,-07:00,2026-04-11T02:02:20-07:00,0,2
style.css,93,css,1062763c,Joshuaamm7,2026-04-11,02:02:20,-07:00,2026-04-11T02:02:20-07:00,1,15
style.css,94,css,1062763c,Joshuaamm7,2026-04-11,02:02:20,-07:00,2026-04-11T02:02:20-07:00,1,17
style.css,95,css,289cbd03,Joshuaamm7,2026-04-17,17:30:29,-07:00,2026-04-17T17:30:29-07:00,0,0
style.css,96,css,289cbd03,Joshuaamm7,2026-04-17,17:30:29,-07:00,2026-04-17T17:30:29-07:00,0,0
style.css,97,css,ad2c2383,Joshuaamm7,2026-05-01,23:31:27,-07:00,2026-05-01T23:31:27-07:00,0,18
style.css,98,css,289cbd03,Joshuaamm7,2026-04-17,17:30:29,-07:00,2026-04-17T17:30:29-07:00,0,13
style.css,99,css,289cbd03,Joshuaamm7,2026-04-17,17:30:29,-07:00,2026-04-17T17:30:29-07:00,1,17
style.css,100,css,289cbd03,Joshuaamm7,2026-04-17,17:30:29,-07:00,2026-04-17T17:30:29-07:00,1,8
style.css,101,css,289cbd03,Joshuaamm7,2026-04-17,17:30:29,-07:00,2026-04-17T17:30:29-07:00,1,10
style.css,102,css,289cbd03,Joshuaamm7,2026-04-17,17:30:29,-07:00,2026-04-17T17:30:29-07:00,1,13
style.css,103,css,513752a1,Joshuaamm7,2026-04-17,17:33:41,-07:00,2026-04-17T17:33:41-07:00,1,12
style.css,104,css,513752a1,Joshuaamm7,2026-04-17,17:33:41,-07:00,2026-04-17T17:33:41-07:00,1,18
style.css,105,css,513752a1,Joshuaamm7,2026-04-17,17:33:41,-07:00,2026-04-17T17:33:41-07:00,1,10
style.css,106,css,513752a1,Joshuaamm7,2026-04-17,17:33:41,-07:00,2026-04-17T17:33:41-07:00,1,16
style.css,107,css,513752a1,Joshuaamm7,2026-04-17,17:33:41,-07:00,2026-04-17T17:33:41-07:00,1,26
style.css,108,css,d5b2ce27,Joshuaamm7,2026-04-24,14:50:04,-07:00,2026-04-24T14:50:04-07:00,0,0
style.css,109,css,d5b2ce27,Joshuaamm7,2026-04-24,14:50:04,-07:00,2026-04-24T14:50:04-07:00,0,0
style.css,110,css,ad2c2383,Joshuaamm7,2026-05-01,23:31:27,-07:00,2026-05-01T23:31:27-07:00,0,17
style.css,111,css,d5b2ce27,Joshuaamm7,2026-04-24,14:50:04,-07:00,2026-04-24T14:50:04-07:00,0,17
style.css,112,css,d5b2ce27,Joshuaamm7,2026-04-24,14:50:04,-07:00,2026-04-24T14:50:04-07:00,1,12
style.css,113,css,d5b2ce27,Joshuaamm7,2026-04-24,14:50:04,-07:00,2026-04-24T14:50:04-07:00,1,36
style.css,114,css,d5b2ce27,Joshuaamm7,2026-04-24,14:50:04,-07:00,2026-04-24T14:50:04-07:00,1,10
style.css,115,css,d5b2ce27,Joshuaamm7,2026-04-24,14:50:04,-07:00,2026-04-24T14:50:04-07:00,0,0
style.css,116,css,d5b2ce27,Joshuaamm7,2026-04-24,14:50:04,-07:00,2026-04-24T14:50:04-07:00,0,0
style.css,117,css,d5b2ce27,Joshuaamm7,2026-04-24,14:50:04,-07:00,2026-04-24T14:50:04-07:00,0,17
style.css,118,css,d5b2ce27,Joshuaamm7,2026-04-24,14:50:04,-07:00,2026-04-24T14:50:04-07:00,1,10
style.css,119,css,d5b2ce27,Joshuaamm7,2026-04-24,14:50:04,-07:00,2026-04-24T14:50:04-07:00,1,16
style.css,120,css,d5b2ce27,Joshuaamm7,2026-04-24,14:50:04,-07:00,2026-04-24T14:50:04-07:00,1,10
style.css,121,css,d5b2ce27,Joshuaamm7,2026-04-24,14:50:04,-07:00,2026-04-24T14:50:04-07:00,1,24
style.css,122,css,d5b2ce27,Joshuaamm7,2026-04-24,14:50:04,-07:00,2026-04-24T14:50:04-07:00,0,0
style.css,123,css,d5b2ce27,Joshuaamm7,2026-04-24,14:50:04,-07:00,2026-04-24T14:50:04-07:00,0,0
style.css,124,css,d5b2ce27,Joshuaamm7,2026-04-24,14:50:04,-07:00,2026-04-24T14:50:04-07:00,0,17
style.css,125,css,d5b2ce27,Joshuaamm7,2026-04-24,14:50:04,-07:00,2026-04-24T14:50:04-07:00,1,10
style.css,126,css,d5b2ce27,Joshuaamm7,2026-04-24,14:50:04,-07:00,2026-04-24T14:50:04-07:00,1,8
style.css,127,css,d5b2ce27,Joshuaamm7,2026-04-24,14:50:04,-07:00,2026-04-24T14:50:04-07:00,1,14
style.css,128,css,e26cada3,Joshuaamm7,2026-05-01,22:32:06,-07:00,2026-05-01T22:32:06-07:00,0,0
style.css,129,css,e26cada3,Joshuaamm7,2026-05-01,22:32:06,-07:00,2026-05-01T22:32:06-07:00,0,0
style.css,130,css,ad2c2383,Joshuaamm7,2026-05-01,23:31:27,-07:00,2026-05-01T23:31:27-07:00,0,17
style.css,131,css,ad2c2383,Joshuaamm7,2026-05-01,23:31:27,-07:00,2026-05-01T23:31:27-07:00,0,9
style.css,132,css,ad2c2383,Joshuaamm7,2026-05-01,23:31:27,-07:00,2026-05-01T23:31:27-07:00,1,12
style.css,133,css,ad2c2383,Joshuaamm7,2026-05-01,23:31:27,-07:00,2026-05-01T23:31:27-07:00,1,58
style.css,134,css,ad2c2383,Joshuaamm7,2026-05-01,23:31:27,-07:00,2026-05-01T23:31:27-07:00,1,7
style.css,135,css,ad2c2383,Joshuaamm7,2026-05-01,23:31:27,-07:00,2026-05-01T23:31:27-07:00,0,0
style.css,136,css,f8f1c0ec,Joshuaamm7,2026-05-01,22:57:26,-07:00,2026-05-01T22:57:26-07:00,0,0
style.css,137,css,ad2c2383,Joshuaamm7,2026-05-01,23:31:27,-07:00,2026-05-01T23:31:27-07:00,0,13
style.css,138,css,ad2c2383,Joshuaamm7,2026-05-01,23:31:27,-07:00,2026-05-01T23:31:27-07:00,1,10
style.css,139,css,ad2c2383,Joshuaamm7,2026-05-01,23:31:27,-07:00,2026-05-01T23:31:27-07:00,1,11
style.css,140,css,ad2c2383,Joshuaamm7,2026-05-01,23:31:27,-07:00,2026-05-01T23:31:27-07:00,0,0
style.css,141,css,ad2c2383,Joshuaamm7,2026-05-01,23:31:27,-07:00,2026-05-01T23:31:27-07:00,0,0
style.css,142,css,ad2c2383,Joshuaamm7,2026-05-01,23:31:27,-07:00,2026-05-01T23:31:27-07:00,0,17
style.css,143,css,ad2c2383,Joshuaamm7,2026-05-01,23:31:27,-07:00,2026-05-01T23:31:27-07:00,1,11
style.css,144,css,ad2c2383,Joshuaamm7,2026-05-01,23:31:27,-07:00,2026-05-01T23:31:27-07:00,1,59
style.css,145,css,ad2c2383,Joshuaamm7,2026-05-01,23:31:27,-07:00,2026-05-01T23:31:27-07:00,0,0
style.css,146,css,ad2c2383,Joshuaamm7,2026-05-01,23:31:27,-07:00,2026-05-01T23:31:27-07:00,0,0
style.css,147,css,ad2c2383,Joshuaamm7,2026-05-01,23:31:27,-07:00,2026-05-01T23:31:27-07:00,0,23
style.css,148,css,ad2c2383,Joshuaamm7,2026-05-01,23:31:27,-07:00,2026-05-01T23:31:27-07:00,1,26
style.css,149,css,ad2c2383,Joshuaamm7,2026-05-01,23:31:27,-07:00,2026-05-01T23:31:27-07:00,0,0
style.css,150,css,ad2c2383,Joshuaamm7,2026-05-01,23:31:27,-07:00,2026-05-01T23:31:27-07:00,0,0
style.css,151,css,ad2c2383,Joshuaamm7,2026-05-01,23:31:27,-07:00,2026-05-01T23:31:27-07:00,0,12
style.css,152,css,ad2c2383,Joshuaamm7,2026-05-01,23:31:27,-07:00,2026-05-01T23:31:27-07:00,1,8
style.css,153,css,ad2c2383,Joshuaamm7,2026-05-01,23:31:27,-07:00,2026-05-01T23:31:27-07:00,0,0
style.css,154,css,ad2c2383,Joshuaamm7,2026-05-01,23:31:27,-07:00,2026-05-01T23:31:27-07:00,0,0
style.css,155,css,ad2c2383,Joshuaamm7,2026-05-01,23:31:27,-07:00,2026-05-01T23:31:27-07:00,0,24
style.css,156,css,f8f1c0ec,Joshuaamm7,2026-05-01,22:57:26,-07:00,2026-05-01T22:57:26-07:00,0,16
style.css,157,css,f8f1c0ec,Joshuaamm7,2026-05-01,22:57:26,-07:00,2026-05-01T22:57:26-07:00,1,12
style.css,158,css,f8f1c0ec,Joshuaamm7,2026-05-01,22:57:26,-07:00,2026-05-01T22:57:26-07:00,1,18
style.css,159,css,f8f1c0ec,Joshuaamm7,2026-05-01,22:57:26,-07:00,2026-05-01T22:57:26-07:00,1,7
style.css,160,css,e26cada3,Joshuaamm7,2026-05-01,22:32:06,-07:00,2026-05-01T22:32:06-07:00,1,16
style.css,161,css,f8f1c0ec,Joshuaamm7,2026-05-01,22:57:26,-07:00,2026-05-01T22:57:26-07:00,0,0
style.css,162,css,e26cada3,Joshuaamm7,2026-05-01,22:32:06,-07:00,2026-05-01T22:32:06-07:00,0,0
style.css,163,css,f8f1c0ec,Joshuaamm7,2026-05-01,22:57:26,-07:00,2026-05-01T22:57:26-07:00,0,18
style.css,164,css,f8f1c0ec,Joshuaamm7,2026-05-01,22:57:26,-07:00,2026-05-01T22:57:26-07:00,1,14
style.css,165,css,e26cada3,Joshuaamm7,2026-05-01,22:32:06,-07:00,2026-05-01T22:32:06-07:00,1,16
style.css,166,css,f8f1c0ec,Joshuaamm7,2026-05-01,22:57:26,-07:00,2026-05-01T22:57:26-07:00,0,0
style.css,167,css,ad2c2383,Joshuaamm7,2026-05-01,23:31:27,-07:00,2026-05-01T23:31:27-07:00,0,0
style.css,168,css,907dcf77,Joshuaamm7,2026-05-01,23:28:55,-07:00,2026-05-01T23:28:55-07:00,0,23
style.css,169,css,907dcf77,Joshuaamm7,2026-05-01,23:28:55,-07:00,2026-05-01T23:28:55-07:00,1,16
style.css,170,css,ad2c2383,Joshuaamm7,2026-05-01,23:31:27,-07:00,2026-05-01T23:31:27-07:00,1,14
style.css,171,css,907dcf77,Joshuaamm7,2026-05-01,23:28:55,-07:00,2026-05-01T23:28:55-07:00,0,0
style.css,172,css,907dcf77,Joshuaamm7,2026-05-01,23:28:55,-07:00,2026-05-01T23:28:55-07:00,0,0
style.css,173,css,907dcf77,Joshuaamm7,2026-05-01,23:28:55,-07:00,2026-05-01T23:28:55-07:00,0,51
style.css,174,css,907dcf77,Joshuaamm7,2026-05-01,23:28:55,-07:00,2026-05-01T23:28:55-07:00,1,11
style.css,175,css,907dcf77,Joshuaamm7,2026-05-01,23:28:55,-07:00,2026-05-01T23:28:55-07:00,0,0
style.css,176,css,ad2c2383,Joshuaamm7,2026-05-01,23:31:27,-07:00,2026-05-01T23:31:27-07:00,0,0
style.css,177,css,907dcf77,Joshuaamm7,2026-05-01,23:28:55,-07:00,2026-05-01T23:28:55-07:00,0,9
style.css,178,css,907dcf77,Joshuaamm7,2026-05-01,23:28:55,-07:00,2026-05-01T23:28:55-07:00,1,35
style.css,179,css,907dcf77,Joshuaamm7,2026-05-01,23:28:55,-07:00,2026-05-01T23:28:55-07:00,0,0
style.css,180,css,907dcf77,Joshuaamm7,2026-05-01,23:28:55,-07:00,2026-05-01T23:28:55-07:00,0,0
style.css,181,css,907dcf77,Joshuaamm7,2026-05-01,23:28:55,-07:00,2026-05-01T23:28:55-07:00,0,18
style.css,182,css,907dcf77,Joshuaamm7,2026-05-01,23:28:55,-07:00,2026-05-01T23:28:55-07:00,1,17
style.css,183,css,907dcf77,Joshuaamm7,2026-05-01,23:28:55,-07:00,2026-05-01T23:28:55-07:00,0,0
style.css,184,css,907dcf77,Joshuaamm7,2026-05-01,23:28:55,-07:00,2026-05-01T23:28:55-07:00,0,0
style.css,185,css,f8f1c0ec,Joshuaamm7,2026-05-01,22:57:26,-07:00,2026-05-01T22:57:26-07:00,0,7
style.css,186,css,f8f1c0ec,Joshuaamm7,2026-05-01,22:57:26,-07:00,2026-05-01T22:57:26-07:00,1,6
style.css,187,css,f8f1c0ec,Joshuaamm7,2026-05-01,22:57:26,-07:00,2026-05-01T22:57:26-07:00,1,12
style.css,188,css,f8f1c0ec,Joshuaamm7,2026-05-01,22:57:26,-07:00,2026-05-01T22:57:26-07:00,1,57
style.css,189,css,f8f1c0ec,Joshuaamm7,2026-05-01,22:57:26,-07:00,2026-05-01T22:57:26-07:00,1,7
style.css,190,css,f8f1c0ec,Joshuaamm7,2026-05-01,22:57:26,-07:00,2026-05-01T22:57:26-07:00,1,11
style.css,191,css,f8f1c0ec,Joshuaamm7,2026-05-01,22:57:26,-07:00,2026-05-01T22:57:26-07:00,1,21
style.css,192,css,f8f1c0ec,Joshuaamm7,2026-05-01,22:57:26,-07:00,2026-05-01T22:57:26-07:00,1,19
style.css,193,css,f8f1c0ec,Joshuaamm7,2026-05-01,22:57:26,-07:00,2026-05-01T22:57:26-07:00,1,15
style.css,194,css,f8f1c0ec,Joshuaamm7,2026-05-01,22:57:26,-07:00,2026-05-01T22:57:26-07:00,0,0
style.css,195,css,f8f1c0ec,Joshuaamm7,2026-05-01,22:57:26,-07:00,2026-05-01T22:57:26-07:00,0,0
style.css,196,css,f8f1c0ec,Joshuaamm7,2026-05-01,22:57:26,-07:00,2026-05-01T22:57:26-07:00,0,12
style.css,197,css,f8f1c0ec,Joshuaamm7,2026-05-01,22:57:26,-07:00,2026-05-01T22:57:26-07:00,1,12
style.css,198,css,f8f1c0ec,Joshuaamm7,2026-05-01,22:57:26,-07:00,2026-05-01T22:57:26-07:00,1,18
style.css,199,css,f8f1c0ec,Joshuaamm7,2026-05-01,22:57:26,-07:00,2026-05-01T22:57:26-07:00,1,9
style.css,200,css,f8f1c0ec,Joshuaamm7,2026-05-01,22:57:26,-07:00,2026-05-01T22:57:26-07:00,0,0
style.css,201,css,f8f1c0ec,Joshuaamm7,2026-05-01,22:57:26,-07:00,2026-05-01T22:57:26-07:00,0,0
style.css,202,css,f8f1c0ec,Joshuaamm7,2026-05-01,22:57:26,-07:00,2026-05-01T22:57:26-07:00,0,7
style.css,203,css,f8f1c0ec,Joshuaamm7,2026-05-01,22:57:26,-07:00,2026-05-01T22:57:26-07:00,1,20
style.css,204,css,f8f1c0ec,Joshuaamm7,2026-05-01,22:57:26,-07:00,2026-05-01T22:57:26-07:00,1,9
style.css,205,css,f8f1c0ec,Joshuaamm7,2026-05-01,22:57:26,-07:00,2026-05-01T22:57:26-07:00,1,18
style.css,206,css,f8f1c0ec,Joshuaamm7,2026-05-01,22:57:26,-07:00,2026-05-01T22:57:26-07:00,1,29
style.css,207,css,f8f1c0ec,Joshuaamm7,2026-05-01,22:57:26,-07:00,2026-05-01T22:57:26-07:00,1,19
style.css,208,css,907dcf77,Joshuaamm7,2026-05-01,23:28:55,-07:00,2026-05-01T23:28:55-07:00,0,0
style.css,209,css,ad2c2383,Joshuaamm7,2026-05-01,23:31:27,-07:00,2026-05-01T23:31:27-07:00,0,0
style.css,210,css,ad2c2383,Joshuaamm7,2026-05-01,23:31:27,-07:00,2026-05-01T23:31:27-07:00,0,14
style.css,211,css,907dcf77,Joshuaamm7,2026-05-01,23:28:55,-07:00,2026-05-01T23:28:55-07:00,0,10
style.css,212,css,907dcf77,Joshuaamm7,2026-05-01,23:28:55,-07:00,2026-05-01T23:28:55-07:00,1,13
style.css,213,css,907dcf77,Joshuaamm7,2026-05-01,23:28:55,-07:00,2026-05-01T23:28:55-07:00,1,10
style.css,214,css,907dcf77,Joshuaamm7,2026-05-01,23:28:55,-07:00,2026-05-01T23:28:55-07:00,1,14
style.css,215,css,907dcf77,Joshuaamm7,2026-05-01,23:28:55,-07:00,2026-05-01T23:28:55-07:00,1,18
style.css,216,css,907dcf77,Joshuaamm7,2026-05-01,23:28:55,-07:00,2026-05-01T23:28:55-07:00,1,18
style.css,217,css,907dcf77,Joshuaamm7,2026-05-01,23:28:55,-07:00,2026-05-01T23:28:55-07:00,1,16
style.css,218,css,907dcf77,Joshuaamm7,2026-05-01,23:28:55,-07:00,2026-05-01T23:28:55-07:00,1,36
style.css,219,css,907dcf77,Joshuaamm7,2026-05-01,23:28:55,-07:00,2026-05-01T23:28:55-07:00,1,19
style.css,220,css,907dcf77,Joshuaamm7,2026-05-01,23:28:55,-07:00,2026-05-01T23:28:55-07:00,1,23
style.css,221,css,907dcf77,Joshuaamm7,2026-05-01,23:28:55,-07:00,2026-05-01T23:28:55-07:00,1,16
style.css,222,css,907dcf77,Joshuaamm7,2026-05-01,23:28:55,-07:00,2026-05-01T23:28:55-07:00,0,0
style.css,223,css,907dcf77,Joshuaamm7,2026-05-01,23:28:55,-07:00,2026-05-01T23:28:55-07:00,0,0
style.css,224,css,907dcf77,Joshuaamm7,2026-05-01,23:28:55,-07:00,2026-05-01T23:28:55-07:00,0,23
style.css,225,css,907dcf77,Joshuaamm7,2026-05-01,23:28:55,-07:00,2026-05-01T23:28:55-07:00,1,49
style.css,226,css,907dcf77,Joshuaamm7,2026-05-01,23:28:55,-07:00,2026-05-01T23:28:55-07:00,0,0
style.css,227,css,907dcf77,Joshuaamm7,2026-05-01,23:28:55,-07:00,2026-05-01T23:28:55-07:00,0,0
style.css,228,css,907dcf77,Joshuaamm7,2026-05-01,23:28:55,-07:00,2026-05-01T23:28:55-07:00,0,16
style.css,229,css,907dcf77,Joshuaamm7,2026-05-01,23:28:55,-07:00,2026-05-01T23:28:55-07:00,1,70
style.css,230,css,907dcf77,Joshuaamm7,2026-05-01,23:28:55,-07:00,2026-05-01T23:28:55-07:00,1,18
style.css,231,css,ad2c2383,Joshuaamm7,2026-05-01,23:31:27,-07:00,2026-05-01T23:31:27-07:00,0,0
style.css,232,css,ad2c2383,Joshuaamm7,2026-05-01,23:31:27,-07:00,2026-05-01T23:31:27-07:00,0,0
style.css,233,css,ad2c2383,Joshuaamm7,2026-05-01,23:31:27,-07:00,2026-05-01T23:31:27-07:00,0,27
style.css,234,css,ad2c2383,Joshuaamm7,2026-05-01,23:31:27,-07:00,2026-05-01T23:31:27-07:00,0,25
style.css,235,css,ad2c2383,Joshuaamm7,2026-05-01,23:31:27,-07:00,2026-05-01T23:31:27-07:00,1,16
style.css,236,css,ad2c2383,Joshuaamm7,2026-05-01,23:31:27,-07:00,2026-05-01T23:31:27-07:00,2,21
style.css,237,css,ad2c2383,Joshuaamm7,2026-05-01,23:31:27,-07:00,2026-05-01T23:31:27-07:00,2,19
style.css,238,css,ad2c2383,Joshuaamm7,2026-05-01,23:31:27,-07:00,2026-05-01T23:31:27-07:00,1,0
style.css,239,css,ad2c2383,Joshuaamm7,2026-05-01,23:31:27,-07:00,2026-05-01T23:31:27-07:00,0,0
style.css,240,css,ad2c2383,Joshuaamm7,2026-05-01,23:31:27,-07:00,2026-05-01T23:31:27-07:00,1,18
style.css,241,css,ad2c2383,Joshuaamm7,2026-05-01,23:31:27,-07:00,2026-05-01T23:31:27-07:00,2,17
style.css,242,css,ad2c2383,Joshuaamm7,2026-05-01,23:31:27,-07:00,2026-05-01T23:31:27-07:00,1,0
style.css,243,css,c03ba889,Joshuaamm7,2026-04-03,20:12:28,-07:00,2026-04-03T20:12:28-07:00,0,0
index.js,1,js,b473041d,Joshuaamm7,2026-04-24,14:45:11,-07:00,2026-04-24T14:45:11-07:00,0,70
index.js,2,js,feb7916d,Joshuaamm7,2026-04-23,18:14:40,-07:00,2026-04-23T18:14:40-07:00,0,0
index.js,3,js,feb7916d,Joshuaamm7,2026-04-23,18:14:40,-07:00,2026-04-23T18:14:40-07:00,0,19
index.js,4,js,feb7916d,Joshuaamm7,2026-04-23,18:14:40,-07:00,2026-04-23T18:14:40-07:00,0,54
index.js,5,js,feb7916d,Joshuaamm7,2026-04-23,18:14:40,-07:00,2026-04-23T18:14:40-07:00,0,0
index.js,6,js,feb7916d,Joshuaamm7,2026-04-23,18:14:40,-07:00,2026-04-23T18:14:40-07:00,0,21
index.js,7,js,feb7916d,Joshuaamm7,2026-04-23,18:14:40,-07:00,2026-04-23T18:14:40-07:00,0,42
index.js,8,js,feb7916d,Joshuaamm7,2026-04-23,18:14:40,-07:00,2026-04-23T18:14:40-07:00,0,0
index.js,9,js,feb7916d,Joshuaamm7,2026-04-23,18:14:40,-07:00,2026-04-23T18:14:40-07:00,0,29
index.js,10,js,feb7916d,Joshuaamm7,2026-04-23,18:14:40,-07:00,2026-04-23T18:14:40-07:00,0,60
index.js,11,js,feb7916d,Joshuaamm7,2026-04-23,18:14:40,-07:00,2026-04-23T18:14:40-07:00,0,0
index.js,12,js,feb7916d,Joshuaamm7,2026-04-23,18:14:40,-07:00,2026-04-23T18:14:40-07:00,0,12
index.js,13,js,b473041d,Joshuaamm7,2026-04-24,14:45:11,-07:00,2026-04-24T14:45:11-07:00,0,54
index.js,14,js,b473041d,Joshuaamm7,2026-04-24,14:45:11,-07:00,2026-04-24T14:45:11-07:00,0,0
index.js,15,js,b473041d,Joshuaamm7,2026-04-24,14:45:11,-07:00,2026-04-24T14:45:11-07:00,0,53
index.js,16,js,b473041d,Joshuaamm7,2026-04-24,14:45:11,-07:00,2026-04-24T14:45:11-07:00,0,22
index.js,17,js,b473041d,Joshuaamm7,2026-04-24,14:45:11,-07:00,2026-04-24T14:45:11-07:00,0,0
index.js,18,js,b473041d,Joshuaamm7,2026-04-24,14:45:11,-07:00,2026-04-24T14:45:11-07:00,0,60
index.js,19,js,b473041d,Joshuaamm7,2026-04-24,14:45:11,-07:00,2026-04-24T14:45:11-07:00,0,0
index.js,20,js,b473041d,Joshuaamm7,2026-04-24,14:45:11,-07:00,2026-04-24T14:45:11-07:00,0,17
index.js,21,js,b473041d,Joshuaamm7,2026-04-24,14:45:11,-07:00,2026-04-24T14:45:11-07:00,1,24
index.js,22,js,b473041d,Joshuaamm7,2026-04-24,14:45:11,-07:00,2026-04-24T14:45:11-07:00,2,2
index.js,23,js,b473041d,Joshuaamm7,2026-04-24,14:45:11,-07:00,2026-04-24T14:45:11-07:00,3,55
index.js,24,js,b473041d,Joshuaamm7,2026-04-24,14:45:11,-07:00,2026-04-24T14:45:11-07:00,3,55
index.js,25,js,b473041d,Joshuaamm7,2026-04-24,14:45:11,-07:00,2026-04-24T14:45:11-07:00,3,49
index.js,26,js,b473041d,Joshuaamm7,2026-04-24,14:45:11,-07:00,2026-04-24T14:45:11-07:00,3,49
index.js,27,js,b473041d,Joshuaamm7,2026-04-24,14:45:11,-07:00,2026-04-24T14:45:11-07:00,2,3
index.js,28,js,b473041d,Joshuaamm7,2026-04-24,14:45:11,-07:00,2026-04-24T14:45:11-07:00,1,0
index.js,29,js,b473041d,Joshuaamm7,2026-04-24,14:45:11,-07:00,2026-04-24T14:45:11-07:00,0,0
index.html,1,html,bac822ed,Joshuaamm7,2026-04-03,16:50:55,-07:00,2026-04-03T16:50:55-07:00,0,13
index.html,2,html,bac822ed,Joshuaamm7,2026-04-03,16:50:55,-07:00,2026-04-03T16:50:55-07:00,0,14
index.html,3,html,bac822ed,Joshuaamm7,2026-04-03,16:50:55,-07:00,2026-04-03T16:50:55-07:00,0,4
index.html,4,html,bac822ed,Joshuaamm7,2026-04-03,16:50:55,-07:00,2026-04-03T16:50:55-07:00,2,20
index.html,5,html,bac822ed,Joshuaamm7,2026-04-03,16:50:55,-07:00,2026-04-03T16:50:55-07:00,2,68
index.html,6,html,bac822ed,Joshuaamm7,2026-04-03,16:50:55,-07:00,2026-04-03T16:50:55-07:00,2,55
index.html,7,html,c03ba889,Joshuaamm7,2026-04-03,20:12:28,-07:00,2026-04-03T20:12:28-07:00,2,38
index.html,8,html,1d02fe1b,Joshuaamm7,2026-04-17,16:15:55,-07:00,2026-04-17T16:15:55-07:00,2,45
index.html,9,html,feb7916d,Joshuaamm7,2026-04-23,18:14:40,-07:00,2026-04-23T18:14:40-07:00,2,0
index.html,10,html,feb7916d,Joshuaamm7,2026-04-23,18:14:40,-07:00,2026-04-23T18:14:40-07:00,2,50
index.html,11,html,1d02fe1b,Joshuaamm7,2026-04-17,16:15:55,-07:00,2026-04-17T16:15:55-07:00,0,5
index.html,12,html,1d02fe1b,Joshuaamm7,2026-04-17,16:15:55,-07:00,2026-04-17T16:15:55-07:00,0,0
index.html,13,html,1d02fe1b,Joshuaamm7,2026-04-17,16:15:55,-07:00,2026-04-17T16:15:55-07:00,2,0
index.html,14,html,c03ba889,Joshuaamm7,2026-04-03,20:12:28,-07:00,2026-04-03T20:12:28-07:00,0,0
index.html,15,html,1d02fe1b,Joshuaamm7,2026-04-17,16:15:55,-07:00,2026-04-17T16:15:55-07:00,0,4
index.html,16,html,0c8f7243,Joshuaamm7,2026-04-17,16:51:18,-07:00,2026-04-17T16:51:18-07:00,2,0
index.html,17,html,0d343e30,Joshuaamm7,2026-04-10,19:32:04,-07:00,2026-04-10T19:32:04-07:00,0,0
index.html,18,html,ce86f2d6,Joshuaamm7,2026-04-03,17:04:53,-07:00,2026-04-03T17:04:53-07:00,2,19
index.html,19,html,47be74d9,Joshuaamm7,2026-04-24,14:59:26,-07:00,2026-04-24T14:59:26-07:00,2,190
index.html,20,html,6e2b449c,Joshuaamm7,2026-04-11,02:41:35,-07:00,2026-04-11T02:41:35-07:00,2,2
index.html,21,html,ce86f2d6,Joshuaamm7,2026-04-03,17:04:53,-07:00,2026-04-03T17:04:53-07:00,0,0
index.html,22,html,feb7916d,Joshuaamm7,2026-04-23,18:14:40,-07:00,2026-04-23T18:14:40-07:00,2,22
index.html,23,html,feb7916d,Joshuaamm7,2026-04-23,18:14:40,-07:00,2026-04-23T18:14:40-07:00,4,20
index.html,24,html,feb7916d,Joshuaamm7,2026-04-23,18:14:40,-07:00,2026-04-23T18:14:40-07:00,2,24
index.html,25,html,feb7916d,Joshuaamm7,2026-04-23,18:14:40,-07:00,2026-04-23T18:14:40-07:00,4,4
index.html,26,html,b473041d,Joshuaamm7,2026-04-24,14:45:11,-07:00,2026-04-24T14:45:11-07:00,2,0
index.html,27,html,d5b2ce27,Joshuaamm7,2026-04-24,14:50:04,-07:00,2026-04-24T14:50:04-07:00,2,24
index.html,28,html,d5b2ce27,Joshuaamm7,2026-04-24,14:50:04,-07:00,2026-04-24T14:50:04-07:00,2,28
index.html,29,html,d5b2ce27,Joshuaamm7,2026-04-24,14:50:04,-07:00,2026-04-24T14:50:04-07:00,0,0
index.html,30,html,6e2b449c,Joshuaamm7,2026-04-11,02:41:35,-07:00,2026-04-11T02:41:35-07:00,2,2
index.html,31,html,6e2b449c,Joshuaamm7,2026-04-11,02:41:35,-07:00,2026-04-11T02:41:35-07:00,4,2
index.html,32,html,6e2b449c,Joshuaamm7,2026-04-11,02:41:35,-07:00,2026-04-11T02:41:35-07:00,6,1
index.html,33,html,6e2b449c,Joshuaamm7,2026-04-11,02:41:35,-07:00,2026-04-11T02:41:35-07:00,2,75
index.html,34,html,6e2b449c,Joshuaamm7,2026-04-11,02:41:35,-07:00,2026-04-11T02:41:35-07:00,2,76
index.html,35,html,6e2b449c,Joshuaamm7,2026-04-11,02:41:35,-07:00,2026-04-11T02:41:35-07:00,2,53
index.html,36,html,6e2b449c,Joshuaamm7,2026-04-11,02:41:35,-07:00,2026-04-11T02:41:35-07:00,4,2
index.html,37,html,ce86f2d6,Joshuaamm7,2026-04-03,17:04:53,-07:00,2026-04-03T17:04:53-07:00,0,0
index.html,38,html,6e2b449c,Joshuaamm7,2026-04-11,02:41:35,-07:00,2026-04-11T02:41:35-07:00,4,3
index.html,39,html,6e2b449c,Joshuaamm7,2026-04-11,02:41:35,-07:00,2026-04-11T02:41:35-07:00,2,3
index.html,40,html,6e2b449c,Joshuaamm7,2026-04-11,02:41:35,-07:00,2026-04-11T02:41:35-07:00,2,0
index.html,41,html,6e2b449c,Joshuaamm7,2026-04-11,02:41:35,-07:00,2026-04-11T02:41:35-07:00,2,25
index.html,42,html,47be74d9,Joshuaamm7,2026-04-24,14:59:26,-07:00,2026-04-24T14:59:26-07:00,4,1
index.html,43,html,47be74d9,Joshuaamm7,2026-04-24,14:59:26,-07:00,2026-04-24T14:59:26-07:00,4,88
index.html,44,html,47be74d9,Joshuaamm7,2026-04-24,14:59:26,-07:00,2026-04-24T14:59:26-07:00,4,110
index.html,45,html,47be74d9,Joshuaamm7,2026-04-24,14:59:26,-07:00,2026-04-24T14:59:26-07:00,4,116
index.html,46,html,47be74d9,Joshuaamm7,2026-04-24,14:59:26,-07:00,2026-04-24T14:59:26-07:00,4,96
index.html,47,html,47be74d9,Joshuaamm7,2026-04-24,14:59:26,-07:00,2026-04-24T14:59:26-07:00,4,2
index.html,48,html,6e2b449c,Joshuaamm7,2026-04-11,02:41:35,-07:00,2026-04-11T02:41:35-07:00,0,0
index.html,49,html,6e2b449c,Joshuaamm7,2026-04-11,02:41:35,-07:00,2026-04-11T02:41:35-07:00,2,34
index.html,50,html,6e2b449c,Joshuaamm7,2026-04-11,02:41:35,-07:00,2026-04-11T02:41:35-07:00,0,0
index.html,51,html,6e2b449c,Joshuaamm7,2026-04-11,02:41:35,-07:00,2026-04-11T02:41:35-07:00,2,15
index.html,52,html,6e2b449c,Joshuaamm7,2026-04-11,02:41:35,-07:00,2026-04-11T02:41:35-07:00,2,1
index.html,53,html,6e2b449c,Joshuaamm7,2026-04-11,02:41:35,-07:00,2026-04-11T02:41:35-07:00,2,70
index.html,54,html,6e2b449c,Joshuaamm7,2026-04-11,02:41:35,-07:00,2026-04-11T02:41:35-07:00,2,2
index.html,55,html,47be74d9,Joshuaamm7,2026-04-24,14:59:26,-07:00,2026-04-24T14:59:26-07:00,2,28
index.html,56,html,47be74d9,Joshuaamm7,2026-04-24,14:59:26,-07:00,2026-04-24T14:59:26-07:00,2,44
index.html,57,html,47be74d9,Joshuaamm7,2026-04-24,14:59:26,-07:00,2026-04-24T14:59:26-07:00,0,0
index.html,58,html,47be74d9,Joshuaamm7,2026-04-24,14:59:26,-07:00,2026-04-24T14:59:26-07:00,2,41
index.html,59,html,c03ba889,Joshuaamm7,2026-04-03,20:12:28,-07:00,2026-04-03T20:12:28-07:00,2,67
index.html,60,html,e7a8a5ab,Joshuaamm7,2026-04-03,17:22:30,-07:00,2026-04-03T17:22:30-07:00,0,0
index.html,61,html,c03ba889,Joshuaamm7,2026-04-03,20:12:28,-07:00,2026-04-03T20:12:28-07:00,2,0
index.html,62,html,bac822ed,Joshuaamm7,2026-04-03,16:50:55,-07:00,2026-04-03T16:50:55-07:00,0,5
index.html,63,html,bac822ed,Joshuaamm7,2026-04-03,16:50:55,-07:00,2026-04-03T16:50:55-07:00,0,5
global.js,1,js,0c8f7243,Joshuaamm7,2026-04-17,16:51:18,-07:00,2026-04-17T16:51:18-07:00,0,25
global.js,2,js,1d02fe1b,Joshuaamm7,2026-04-17,16:15:55,-07:00,2026-04-17T16:15:55-07:00,0,0
global.js,3,js,1d02fe1b,Joshuaamm7,2026-04-17,16:15:55,-07:00,2026-04-17T16:15:55-07:00,0,41
global.js,4,js,1d02fe1b,Joshuaamm7,2026-04-17,16:15:55,-07:00,2026-04-17T16:15:55-07:00,1,52
global.js,5,js,0606f140,Joshuaamm7,2026-04-17,16:30:59,-07:00,2026-04-17T16:30:59-07:00,0,0
global.js,6,js,0606f140,Joshuaamm7,2026-04-17,16:30:59,-07:00,2026-04-17T16:30:59-07:00,0,0
global.js,7,js,0c8f7243,Joshuaamm7,2026-04-17,16:51:18,-07:00,2026-04-17T16:51:18-07:00,0,15
global.js,8,js,0c8f7243,Joshuaamm7,2026-04-17,16:51:18,-07:00,2026-04-17T16:51:18-07:00,1,68
global.js,9,js,0c8f7243,Joshuaamm7,2026-04-17,16:51:18,-07:00,2026-04-17T16:51:18-07:00,2,3
global.js,10,js,0c8f7243,Joshuaamm7,2026-04-17,16:51:18,-07:00,2026-04-17T16:51:18-07:00,2,14
global.js,11,js,0606f140,Joshuaamm7,2026-04-17,16:30:59,-07:00,2026-04-17T16:30:59-07:00,0,0
global.js,12,js,0c8f7243,Joshuaamm7,2026-04-17,16:51:18,-07:00,2026-04-17T16:51:18-07:00,0,11
global.js,13,js,0c8f7243,Joshuaamm7,2026-04-17,16:51:18,-07:00,2026-04-17T16:51:18-07:00,1,25
global.js,14,js,0c8f7243,Joshuaamm7,2026-04-17,16:51:18,-07:00,2026-04-17T16:51:18-07:00,1,38
global.js,15,js,0c8f7243,Joshuaamm7,2026-04-17,16:51:18,-07:00,2026-04-17T16:51:18-07:00,1,36
global.js,16,js,0c8f7243,Joshuaamm7,2026-04-17,16:51:18,-07:00,2026-04-17T16:51:18-07:00,1,34
global.js,17,js,00000000,Not Committed Yet,2026-05-08,14:19:45,-07:00,2026-05-08T14:19:45-07:00,1,29
global.js,18,js,0c8f7243,Joshuaamm7,2026-04-17,16:51:18,-07:00,2026-04-17T16:51:18-07:00,1,56
global.js,19,js,0c8f7243,Joshuaamm7,2026-04-17,16:51:18,-07:00,2026-04-17T16:51:18-07:00,0,0
global.js,20,js,289cbd03,Joshuaamm7,2026-04-17,17:30:29,-07:00,2026-04-17T17:30:29-07:00,0,31
global.js,21,js,289cbd03,Joshuaamm7,2026-04-17,17:30:29,-07:00,2026-04-17T17:30:29-07:00,1,11
global.js,22,js,289cbd03,Joshuaamm7,2026-04-17,17:30:29,-07:00,2026-04-17T17:30:29-07:00,1,0
global.js,23,js,289cbd03,Joshuaamm7,2026-04-17,17:30:29,-07:00,2026-04-17T17:30:29-07:00,1,26
global.js,24,js,289cbd03,Joshuaamm7,2026-04-17,17:30:29,-07:00,2026-04-17T17:30:29-07:00,2,4
global.js,25,js,289cbd03,Joshuaamm7,2026-04-17,17:30:29,-07:00,2026-04-17T17:30:29-07:00,2,6
global.js,26,js,289cbd03,Joshuaamm7,2026-04-17,17:30:29,-07:00,2026-04-17T17:30:29-07:00,3,43
global.js,27,js,289cbd03,Joshuaamm7,2026-04-17,17:30:29,-07:00,2026-04-17T17:30:29-07:00,3,34
global.js,28,js,289cbd03,Joshuaamm7,2026-04-17,17:30:29,-07:00,2026-04-17T17:30:29-07:00,3,32
global.js,29,js,289cbd03,Joshuaamm7,2026-04-17,17:30:29,-07:00,2026-04-17T17:30:29-07:00,2,7
global.js,30,js,289cbd03,Joshuaamm7,2026-04-17,17:30:29,-07:00,2026-04-17T17:30:29-07:00,1,6
global.js,31,js,289cbd03,Joshuaamm7,2026-04-17,17:30:29,-07:00,2026-04-17T17:30:29-07:00,0,0
global.js,32,js,289cbd03,Joshuaamm7,2026-04-17,17:30:29,-07:00,2026-04-17T17:30:29-07:00,0,0
global.js,33,js,289cbd03,Joshuaamm7,2026-04-17,17:30:29,-07:00,2026-04-17T17:30:29-07:00,0,0
global.js,34,js,289cbd03,Joshuaamm7,2026-04-17,17:30:29,-07:00,2026-04-17T17:30:29-07:00,0,58
global.js,35,js,289cbd03,Joshuaamm7,2026-04-17,17:30:29,-07:00,2026-04-17T17:30:29-07:00,0,0
global.js,36,js,289cbd03,Joshuaamm7,2026-04-17,17:30:29,-07:00,2026-04-17T17:30:29-07:00,0,36
global.js,37,js,289cbd03,Joshuaamm7,2026-04-17,17:30:29,-07:00,2026-04-17T17:30:29-07:00,1,70
global.js,38,js,289cbd03,Joshuaamm7,2026-04-17,17:30:29,-07:00,2026-04-17T17:30:29-07:00,1,25
global.js,39,js,289cbd03,Joshuaamm7,2026-04-17,17:30:29,-07:00,2026-04-17T17:30:29-07:00,0,0
global.js,40,js,289cbd03,Joshuaamm7,2026-04-17,17:30:29,-07:00,2026-04-17T17:30:29-07:00,0,0
global.js,41,js,289cbd03,Joshuaamm7,2026-04-17,17:30:29,-07:00,2026-04-17T17:30:29-07:00,0,0
global.js,42,js,289cbd03,Joshuaamm7,2026-04-17,17:30:29,-07:00,2026-04-17T17:30:29-07:00,0,49
global.js,43,js,289cbd03,Joshuaamm7,2026-04-17,17:30:29,-07:00,2026-04-17T17:30:29-07:00,1,29
global.js,44,js,289cbd03,Joshuaamm7,2026-04-17,17:30:29,-07:00,2026-04-17T17:30:29-07:00,0,0
global.js,45,js,289cbd03,Joshuaamm7,2026-04-17,17:30:29,-07:00,2026-04-17T17:30:29-07:00,1,20
global.js,46,js,289cbd03,Joshuaamm7,2026-04-17,17:30:29,-07:00,2026-04-17T17:30:29-07:00,0,0
global.js,47,js,289cbd03,Joshuaamm7,2026-04-17,17:30:29,-07:00,2026-04-17T17:30:29-07:00,1,31
global.js,48,js,289cbd03,Joshuaamm7,2026-04-17,17:30:29,-07:00,2026-04-17T17:30:29-07:00,0,1
global.js,49,js,289cbd03,Joshuaamm7,2026-04-17,17:30:29,-07:00,2026-04-17T17:30:29-07:00,0,0
global.js,50,js,289cbd03,Joshuaamm7,2026-04-17,17:30:29,-07:00,2026-04-17T17:30:29-07:00,0,0
global.js,51,js,289cbd03,Joshuaamm7,2026-04-17,17:30:29,-07:00,2026-04-17T17:30:29-07:00,0,34
global.js,52,js,289cbd03,Joshuaamm7,2026-04-17,17:30:29,-07:00,2026-04-17T17:30:29-07:00,1,39
global.js,53,js,289cbd03,Joshuaamm7,2026-04-17,17:30:29,-07:00,2026-04-17T17:30:29-07:00,0,0
global.js,54,js,0606f140,Joshuaamm7,2026-04-17,16:30:59,-07:00,2026-04-17T16:30:59-07:00,0,0
global.js,55,js,0c8f7243,Joshuaamm7,2026-04-17,16:51:18,-07:00,2026-04-17T16:51:18-07:00,0,38
global.js,56,js,0c8f7243,Joshuaamm7,2026-04-17,16:51:18,-07:00,2026-04-17T16:51:18-07:00,0,25
global.js,57,js,0c8f7243,Joshuaamm7,2026-04-17,16:51:18,-07:00,2026-04-17T16:51:18-07:00,0,0
global.js,58,js,0c8f7243,Joshuaamm7,2026-04-17,16:51:18,-07:00,2026-04-17T16:51:18-07:00,0,20
global.js,59,js,0c8f7243,Joshuaamm7,2026-04-17,16:51:18,-07:00,2026-04-17T16:51:18-07:00,1,14
global.js,60,js,0c8f7243,Joshuaamm7,2026-04-17,16:51:18,-07:00,2026-04-17T16:51:18-07:00,1,18
global.js,61,js,0c8f7243,Joshuaamm7,2026-04-17,16:51:18,-07:00,2026-04-17T16:51:18-07:00,0,0
global.js,62,js,0c8f7243,Joshuaamm7,2026-04-17,16:51:18,-07:00,2026-04-17T16:51:18-07:00,1,52
global.js,63,js,0c8f7243,Joshuaamm7,2026-04-17,16:51:18,-07:00,2026-04-17T16:51:18-07:00,0,0
global.js,64,js,0c8f7243,Joshuaamm7,2026-04-17,16:51:18,-07:00,2026-04-17T16:51:18-07:00,1,34
global.js,65,js,0c8f7243,Joshuaamm7,2026-04-17,16:51:18,-07:00,2026-04-17T16:51:18-07:00,1,11
global.js,66,js,0c8f7243,Joshuaamm7,2026-04-17,16:51:18,-07:00,2026-04-17T16:51:18-07:00,1,20
global.js,67,js,0c8f7243,Joshuaamm7,2026-04-17,16:51:18,-07:00,2026-04-17T16:51:18-07:00,0,0
global.js,68,js,0c8f7243,Joshuaamm7,2026-04-17,16:51:18,-07:00,2026-04-17T16:51:18-07:00,1,52
global.js,69,js,0c8f7243,Joshuaamm7,2026-04-17,16:51:18,-07:00,2026-04-17T16:51:18-07:00,1,59
global.js,70,js,0c8f7243,Joshuaamm7,2026-04-17,16:51:18,-07:00,2026-04-17T16:51:18-07:00,0,0
global.js,71,js,0c8f7243,Joshuaamm7,2026-04-17,16:51:18,-07:00,2026-04-17T16:51:18-07:00,1,54
global.js,72,js,0c8f7243,Joshuaamm7,2026-04-17,16:51:18,-07:00,2026-04-17T16:51:18-07:00,2,25
global.js,73,js,0c8f7243,Joshuaamm7,2026-04-17,16:51:18,-07:00,2026-04-17T16:51:18-07:00,1,0
global.js,74,js,0c8f7243,Joshuaamm7,2026-04-17,16:51:18,-07:00,2026-04-17T16:51:18-07:00,0,0
global.js,75,js,0c8f7243,Joshuaamm7,2026-04-17,16:51:18,-07:00,2026-04-17T16:51:18-07:00,1,29
global.js,76,js,0c8f7243,Joshuaamm7,2026-04-17,16:51:18,-07:00,2026-04-17T16:51:18-07:00,2,18
global.js,77,js,0c8f7243,Joshuaamm7,2026-04-17,16:51:18,-07:00,2026-04-17T16:51:18-07:00,1,0
global.js,78,js,0c8f7243,Joshuaamm7,2026-04-17,16:51:18,-07:00,2026-04-17T16:51:18-07:00,0,0
global.js,79,js,0c8f7243,Joshuaamm7,2026-04-17,16:51:18,-07:00,2026-04-17T16:51:18-07:00,1,12
global.js,80,js,f76ed67f,Joshuaamm7,2026-04-23,17:32:35,-07:00,2026-04-23T17:32:35-07:00,0,0
global.js,81,js,f76ed67f,Joshuaamm7,2026-04-23,17:32:35,-07:00,2026-04-23T17:32:35-07:00,0,0
global.js,82,js,f76ed67f,Joshuaamm7,2026-04-23,17:32:35,-07:00,2026-04-23T17:32:35-07:00,0,36
global.js,83,js,f76ed67f,Joshuaamm7,2026-04-23,17:32:35,-07:00,2026-04-23T17:32:35-07:00,1,3
global.js,84,js,f76ed67f,Joshuaamm7,2026-04-23,17:32:35,-07:00,2026-04-23T17:32:35-07:00,2,23
global.js,85,js,f76ed67f,Joshuaamm7,2026-04-23,17:32:35,-07:00,2026-04-23T17:32:35-07:00,2,32
global.js,86,js,f76ed67f,Joshuaamm7,2026-04-23,17:32:35,-07:00,2026-04-23T17:32:35-07:00,2,39
global.js,87,js,f76ed67f,Joshuaamm7,2026-04-23,17:32:35,-07:00,2026-04-23T17:32:35-07:00,0,0
global.js,88,js,f76ed67f,Joshuaamm7,2026-04-23,17:32:35,-07:00,2026-04-23T17:32:35-07:00,2,32
global.js,89,js,f76ed67f,Joshuaamm7,2026-04-23,17:32:35,-07:00,2026-04-23T17:32:35-07:00,2,17
global.js,90,js,f76ed67f,Joshuaamm7,2026-04-23,17:32:35,-07:00,2026-04-23T17:32:35-07:00,3,66
global.js,91,js,f76ed67f,Joshuaamm7,2026-04-23,17:32:35,-07:00,2026-04-23T17:32:35-07:00,2,0
global.js,92,js,f76ed67f,Joshuaamm7,2026-04-23,17:32:35,-07:00,2026-04-23T17:32:35-07:00,0,0
global.js,93,js,f76ed67f,Joshuaamm7,2026-04-23,17:32:35,-07:00,2026-04-23T17:32:35-07:00,2,19
global.js,94,js,f76ed67f,Joshuaamm7,2026-04-23,17:32:35,-07:00,2026-04-23T17:32:35-07:00,2,33
global.js,95,js,f76ed67f,Joshuaamm7,2026-04-23,17:32:35,-07:00,2026-04-23T17:32:35-07:00,2,10
global.js,96,js,f76ed67f,Joshuaamm7,2026-04-23,17:32:35,-07:00,2026-04-23T17:32:35-07:00,0,0
global.js,97,js,f76ed67f,Joshuaamm7,2026-04-23,17:32:35,-07:00,2026-04-23T17:32:35-07:00,1,15
global.js,98,js,f76ed67f,Joshuaamm7,2026-04-23,17:32:35,-07:00,2026-04-23T17:32:35-07:00,2,59
global.js,99,js,f76ed67f,Joshuaamm7,2026-04-23,17:32:35,-07:00,2026-04-23T17:32:35-07:00,1,0
global.js,100,js,f76ed67f,Joshuaamm7,2026-04-23,17:32:35,-07:00,2026-04-23T17:32:35-07:00,0,0
global.js,101,js,f76ed67f,Joshuaamm7,2026-04-23,17:32:35,-07:00,2026-04-23T17:32:35-07:00,0,0
global.js,102,js,f76ed67f,Joshuaamm7,2026-04-23,17:32:35,-07:00,2026-04-23T17:32:35-07:00,0,79
global.js,103,js,f76ed67f,Joshuaamm7,2026-04-23,17:32:35,-07:00,2026-04-23T17:32:35-07:00,1,26
global.js,104,js,f76ed67f,Joshuaamm7,2026-04-23,17:32:35,-07:00,2026-04-23T17:32:35-07:00,1,22
global.js,105,js,f76ed67f,Joshuaamm7,2026-04-23,17:32:35,-07:00,2026-04-23T17:32:35-07:00,2,41
global.js,106,js,f76ed67f,Joshuaamm7,2026-04-23,17:32:35,-07:00,2026-04-23T17:32:35-07:00,2,5
global.js,107,js,f76ed67f,Joshuaamm7,2026-04-23,17:32:35,-07:00,2026-04-23T17:32:35-07:00,1,0
global.js,108,js,f76ed67f,Joshuaamm7,2026-04-23,17:32:35,-07:00,2026-04-23T17:32:35-07:00,0,0
global.js,109,js,f76ed67f,Joshuaamm7,2026-04-23,17:32:35,-07:00,2026-04-23T17:32:35-07:00,1,23
global.js,110,js,f76ed67f,Joshuaamm7,2026-04-23,17:32:35,-07:00,2026-04-23T17:32:35-07:00,1,57
global.js,111,js,f76ed67f,Joshuaamm7,2026-04-23,17:32:35,-07:00,2026-04-23T17:32:35-07:00,1,42
global.js,112,js,f76ed67f,Joshuaamm7,2026-04-23,17:32:35,-07:00,2026-04-23T17:32:35-07:00,2,18
global.js,113,js,f76ed67f,Joshuaamm7,2026-04-23,17:32:35,-07:00,2026-04-23T17:32:35-07:00,1,0
global.js,114,js,f76ed67f,Joshuaamm7,2026-04-23,17:32:35,-07:00,2026-04-23T17:32:35-07:00,0,0
global.js,115,js,f76ed67f,Joshuaamm7,2026-04-23,17:32:35,-07:00,2026-04-23T17:32:35-07:00,1,18
global.js,116,js,f76ed67f,Joshuaamm7,2026-04-23,17:32:35,-07:00,2026-04-23T17:32:35-07:00,1,30
global.js,117,js,f76ed67f,Joshuaamm7,2026-04-23,17:32:35,-07:00,2026-04-23T17:32:35-07:00,0,0
global.js,118,js,f76ed67f,Joshuaamm7,2026-04-23,17:32:35,-07:00,2026-04-23T17:32:35-07:00,1,37
global.js,119,js,f76ed67f,Joshuaamm7,2026-04-23,17:32:35,-07:00,2026-04-23T17:32:35-07:00,1,39
global.js,120,js,f76ed67f,Joshuaamm7,2026-04-23,17:32:35,-07:00,2026-04-23T17:32:35-07:00,2,59
global.js,121,js,f76ed67f,Joshuaamm7,2026-04-23,17:32:35,-07:00,2026-04-23T17:32:35-07:00,2,5
global.js,122,js,f76ed67f,Joshuaamm7,2026-04-23,17:32:35,-07:00,2026-04-23T17:32:35-07:00,1,0
global.js,123,js,f76ed67f,Joshuaamm7,2026-04-23,17:32:35,-07:00,2026-04-23T17:32:35-07:00,0,0
global.js,124,js,f76ed67f,Joshuaamm7,2026-04-23,17:32:35,-07:00,2026-04-23T17:32:35-07:00,1,36
global.js,125,js,f76ed67f,Joshuaamm7,2026-04-23,17:32:35,-07:00,2026-04-23T17:32:35-07:00,1,31
global.js,126,js,f76ed67f,Joshuaamm7,2026-04-23,17:32:35,-07:00,2026-04-23T17:32:35-07:00,2,48
global.js,127,js,f76ed67f,Joshuaamm7,2026-04-23,17:32:35,-07:00,2026-04-23T17:32:35-07:00,0,0
global.js,128,js,f76ed67f,Joshuaamm7,2026-04-23,17:32:35,-07:00,2026-04-23T17:32:35-07:00,2,19
global.js,129,js,f76ed67f,Joshuaamm7,2026-04-23,17:32:35,-07:00,2026-04-23T17:32:35-07:00,3,49
global.js,130,js,6051b1c7,Joshuaamm7,2026-04-24,20:23:44,-07:00,2026-04-24T20:23:44-07:00,3,37
global.js,131,js,a39fb593,Joshuaamm7,2026-04-24,20:53:27,-07:00,2026-04-24T20:53:27-07:00,3,80
global.js,132,js,f76ed67f,Joshuaamm7,2026-04-23,17:32:35,-07:00,2026-04-23T17:32:35-07:00,3,27
global.js,133,js,f76ed67f,Joshuaamm7,2026-04-23,17:32:35,-07:00,2026-04-23T17:32:35-07:00,2,0
global.js,134,js,f76ed67f,Joshuaamm7,2026-04-23,17:32:35,-07:00,2026-04-23T17:32:35-07:00,0,0
global.js,135,js,f76ed67f,Joshuaamm7,2026-04-23,17:32:35,-07:00,2026-04-23T17:32:35-07:00,2,36
global.js,136,js,f76ed67f,Joshuaamm7,2026-04-23,17:32:35,-07:00,2026-04-23T17:32:35-07:00,1,0
global.js,137,js,b473041d,Joshuaamm7,2026-04-24,14:45:11,-07:00,2026-04-24T14:45:11-07:00,0,0
global.js,138,js,b473041d,Joshuaamm7,2026-04-24,14:45:11,-07:00,2026-04-24T14:45:11-07:00,0,0
global.js,139,js,b473041d,Joshuaamm7,2026-04-24,14:45:11,-07:00,2026-04-24T14:45:11-07:00,0,47
global.js,140,js,b473041d,Joshuaamm7,2026-04-24,14:45:11,-07:00,2026-04-24T14:45:11-07:00,1,59
global.js,141,js,b473041d,Joshuaamm7,2026-04-24,14:45:11,-07:00,2026-04-24T14:45:11-07:00,0,0
resume/index.html,1,html,1f417083,Joshuaamm7,2026-04-03,20:38:17,-07:00,2026-04-03T20:38:17-07:00,0,13
resume/index.html,2,html,1f417083,Joshuaamm7,2026-04-03,20:38:17,-07:00,2026-04-03T20:38:17-07:00,0,14
resume/index.html,3,html,1f417083,Joshuaamm7,2026-04-03,20:38:17,-07:00,2026-04-03T20:38:17-07:00,0,4
resume/index.html,4,html,1f417083,Joshuaamm7,2026-04-03,20:38:17,-07:00,2026-04-03T20:38:17-07:00,1,20
resume/index.html,5,html,1f417083,Joshuaamm7,2026-04-03,20:38:17,-07:00,2026-04-03T20:38:17-07:00,1,34
resume/index.html,6,html,1f417083,Joshuaamm7,2026-04-03,20:38:17,-07:00,2026-04-03T20:38:17-07:00,1,41
resume/index.html,7,html,1d02fe1b,Joshuaamm7,2026-04-17,16:15:55,-07:00,2026-04-17T16:15:55-07:00,1,48
resume/index.html,8,html,1f417083,Joshuaamm7,2026-04-03,20:38:17,-07:00,2026-04-03T20:38:17-07:00,0,5
resume/index.html,9,html,1f417083,Joshuaamm7,2026-04-03,20:38:17,-07:00,2026-04-03T20:38:17-07:00,0,0
resume/index.html,10,html,1f417083,Joshuaamm7,2026-04-03,20:38:17,-07:00,2026-04-03T20:38:17-07:00,0,4
resume/index.html,11,html,1f417083,Joshuaamm7,2026-04-03,20:38:17,-07:00,2026-04-03T20:38:17-07:00,0,0
resume/index.html,12,html,9cc29511,Joshuaamm7,2026-04-17,16:56:08,-07:00,2026-04-17T16:56:08-07:00,0,0
resume/index.html,13,html,1f417083,Joshuaamm7,2026-04-03,20:38:17,-07:00,2026-04-03T20:38:17-07:00,0,0
resume/index.html,14,html,1f417083,Joshuaamm7,2026-04-03,20:38:17,-07:00,2026-04-03T20:38:17-07:00,0,19
resume/index.html,15,html,1f417083,Joshuaamm7,2026-04-03,20:38:17,-07:00,2026-04-03T20:38:17-07:00,0,0
resume/index.html,16,html,1f417083,Joshuaamm7,2026-04-03,20:38:17,-07:00,2026-04-03T20:38:17-07:00,0,16
resume/index.html,17,html,1f417083,Joshuaamm7,2026-04-03,20:38:17,-07:00,2026-04-03T20:38:17-07:00,0,7
resume/index.html,18,html,1f417083,Joshuaamm7,2026-04-03,20:38:17,-07:00,2026-04-03T20:38:17-07:00,1,6
resume/index.html,19,html,1f417083,Joshuaamm7,2026-04-03,20:38:17,-07:00,2026-04-03T20:38:17-07:00,2,16
resume/index.html,20,html,1f417083,Joshuaamm7,2026-04-03,20:38:17,-07:00,2026-04-03T20:38:17-07:00,1,7
resume/index.html,21,html,1f417083,Joshuaamm7,2026-04-03,20:38:17,-07:00,2026-04-03T20:38:17-07:00,0,0
resume/index.html,22,html,1f417083,Joshuaamm7,2026-04-03,20:38:17,-07:00,2026-04-03T20:38:17-07:00,1,7
resume/index.html,23,html,a303c285,Joshuaamm7,2026-04-11,02:32:47,-07:00,2026-04-11T02:32:47-07:00,2,42
resume/index.html,24,html,a303c285,Joshuaamm7,2026-04-11,02:32:47,-07:00,2026-04-11T02:32:47-07:00,2,55
resume/index.html,25,html,1f417083,Joshuaamm7,2026-04-03,20:38:17,-07:00,2026-04-03T20:38:17-07:00,2,1
resume/index.html,26,html,6e2b449c,Joshuaamm7,2026-04-11,02:41:35,-07:00,2026-04-11T02:41:35-07:00,4,2
resume/index.html,27,html,6e2b449c,Joshuaamm7,2026-04-11,02:41:35,-07:00,2026-04-11T02:41:35-07:00,4,17
resume/index.html,28,html,6e2b449c,Joshuaamm7,2026-04-11,02:41:35,-07:00,2026-04-11T02:41:35-07:00,4,35
resume/index.html,29,html,6e2b449c,Joshuaamm7,2026-04-11,02:41:35,-07:00,2026-04-11T02:41:35-07:00,4,3
resume/index.html,30,html,6e2b449c,Joshuaamm7,2026-04-11,02:41:35,-07:00,2026-04-11T02:41:35-07:00,2,2
resume/index.html,31,html,6e2b449c,Joshuaamm7,2026-04-11,02:41:35,-07:00,2026-04-11T02:41:35-07:00,2,1
resume/index.html,32,html,6e2b449c,Joshuaamm7,2026-04-11,02:41:35,-07:00,2026-04-11T02:41:35-07:00,3,0
resume/index.html,33,html,1f417083,Joshuaamm7,2026-04-03,20:38:17,-07:00,2026-04-03T20:38:17-07:00,2,2
resume/index.html,34,html,1f417083,Joshuaamm7,2026-04-03,20:38:17,-07:00,2026-04-03T20:38:17-07:00,1,8
resume/index.html,35,html,1f417083,Joshuaamm7,2026-04-03,20:38:17,-07:00,2026-04-03T20:38:17-07:00,0,8
resume/index.html,36,html,1f417083,Joshuaamm7,2026-04-03,20:38:17,-07:00,2026-04-03T20:38:17-07:00,0,0
resume/index.html,37,html,1f417083,Joshuaamm7,2026-04-03,20:38:17,-07:00,2026-04-03T20:38:17-07:00,0,17
resume/index.html,38,html,1f417083,Joshuaamm7,2026-04-03,20:38:17,-07:00,2026-04-03T20:38:17-07:00,0,7
resume/index.html,39,html,1f417083,Joshuaamm7,2026-04-03,20:38:17,-07:00,2026-04-03T20:38:17-07:00,1,6
resume/index.html,40,html,a303c285,Joshuaamm7,2026-04-11,02:32:47,-07:00,2026-04-11T02:32:47-07:00,2,22
resume/index.html,41,html,1f417083,Joshuaamm7,2026-04-03,20:38:17,-07:00,2026-04-03T20:38:17-07:00,1,7
resume/index.html,42,html,a303c285,Joshuaamm7,2026-04-11,02:32:47,-07:00,2026-04-11T02:32:47-07:00,1,7
resume/index.html,43,html,a303c285,Joshuaamm7,2026-04-11,02:32:47,-07:00,2026-04-11T02:32:47-07:00,2,80
resume/index.html,44,html,a303c285,Joshuaamm7,2026-04-11,02:32:47,-07:00,2026-04-11T02:32:47-07:00,2,1
resume/index.html,45,html,a303c285,Joshuaamm7,2026-04-11,02:32:47,-07:00,2026-04-11T02:32:47-07:00,4,42
resume/index.html,46,html,a303c285,Joshuaamm7,2026-04-11,02:32:47,-07:00,2026-04-11T02:32:47-07:00,2,2
resume/index.html,47,html,a303c285,Joshuaamm7,2026-04-11,02:32:47,-07:00,2026-04-11T02:32:47-07:00,2,2
resume/index.html,48,html,a303c285,Joshuaamm7,2026-04-11,02:32:47,-07:00,2026-04-11T02:32:47-07:00,4,107
resume/index.html,49,html,a303c285,Joshuaamm7,2026-04-11,02:32:47,-07:00,2026-04-11T02:32:47-07:00,4,102
resume/index.html,50,html,a303c285,Joshuaamm7,2026-04-11,02:32:47,-07:00,2026-04-11T02:32:47-07:00,4,100
resume/index.html,51,html,a303c285,Joshuaamm7,2026-04-11,02:32:47,-07:00,2026-04-11T02:32:47-07:00,4,113
resume/index.html,52,html,a303c285,Joshuaamm7,2026-04-11,02:32:47,-07:00,2026-04-11T02:32:47-07:00,4,101
resume/index.html,53,html,a303c285,Joshuaamm7,2026-04-11,02:32:47,-07:00,2026-04-11T02:32:47-07:00,4,109
resume/index.html,54,html,a303c285,Joshuaamm7,2026-04-11,02:32:47,-07:00,2026-04-11T02:32:47-07:00,2,3
resume/index.html,55,html,a303c285,Joshuaamm7,2026-04-11,02:32:47,-07:00,2026-04-11T02:32:47-07:00,1,8
resume/index.html,56,html,a303c285,Joshuaamm7,2026-04-11,02:32:47,-07:00,2026-04-11T02:32:47-07:00,0,0
resume/index.html,57,html,a303c285,Joshuaamm7,2026-04-11,02:32:47,-07:00,2026-04-11T02:32:47-07:00,1,7
resume/index.html,58,html,a303c285,Joshuaamm7,2026-04-11,02:32:47,-07:00,2026-04-11T02:32:47-07:00,2,81
resume/index.html,59,html,a303c285,Joshuaamm7,2026-04-11,02:32:47,-07:00,2026-04-11T02:32:47-07:00,2,1
resume/index.html,60,html,a303c285,Joshuaamm7,2026-04-11,02:32:47,-07:00,2026-04-11T02:32:47-07:00,3,44
resume/index.html,61,html,a303c285,Joshuaamm7,2026-04-11,02:32:47,-07:00,2026-04-11T02:32:47-07:00,2,2
resume/index.html,62,html,a303c285,Joshuaamm7,2026-04-11,02:32:47,-07:00,2026-04-11T02:32:47-07:00,2,2
resume/index.html,63,html,a303c285,Joshuaamm7,2026-04-11,02:32:47,-07:00,2026-04-11T02:32:47-07:00,3,111
resume/index.html,64,html,a303c285,Joshuaamm7,2026-04-11,02:32:47,-07:00,2026-04-11T02:32:47-07:00,4,87
resume/index.html,65,html,a303c285,Joshuaamm7,2026-04-11,02:32:47,-07:00,2026-04-11T02:32:47-07:00,3,110
resume/index.html,66,html,a303c285,Joshuaamm7,2026-04-11,02:32:47,-07:00,2026-04-11T02:32:47-07:00,4,89
resume/index.html,67,html,a303c285,Joshuaamm7,2026-04-11,02:32:47,-07:00,2026-04-11T02:32:47-07:00,3,110
resume/index.html,68,html,a303c285,Joshuaamm7,2026-04-11,02:32:47,-07:00,2026-04-11T02:32:47-07:00,4,108
resume/index.html,69,html,a303c285,Joshuaamm7,2026-04-11,02:32:47,-07:00,2026-04-11T02:32:47-07:00,2,3
resume/index.html,70,html,a303c285,Joshuaamm7,2026-04-11,02:32:47,-07:00,2026-04-11T02:32:47-07:00,1,8
resume/index.html,71,html,1f417083,Joshuaamm7,2026-04-03,20:38:17,-07:00,2026-04-03T20:38:17-07:00,0,0
resume/index.html,72,html,1f417083,Joshuaamm7,2026-04-03,20:38:17,-07:00,2026-04-03T20:38:17-07:00,1,7
resume/index.html,73,html,a303c285,Joshuaamm7,2026-04-11,02:32:47,-07:00,2026-04-11T02:32:47-07:00,2,59
resume/index.html,74,html,1f417083,Joshuaamm7,2026-04-03,20:38:17,-07:00,2026-04-03T20:38:17-07:00,2,1
resume/index.html,75,html,1f417083,Joshuaamm7,2026-04-03,20:38:17,-07:00,2026-04-03T20:38:17-07:00,3,44
resume/index.html,76,html,1f417083,Joshuaamm7,2026-04-03,20:38:17,-07:00,2026-04-03T20:38:17-07:00,2,2
resume/index.html,77,html,1f417083,Joshuaamm7,2026-04-03,20:38:17,-07:00,2026-04-03T20:38:17-07:00,2,2
resume/index.html,78,html,a303c285,Joshuaamm7,2026-04-11,02:32:47,-07:00,2026-04-11T02:32:47-07:00,3,108
resume/index.html,79,html,a303c285,Joshuaamm7,2026-04-11,02:32:47,-07:00,2026-04-11T02:32:47-07:00,4,33
resume/index.html,80,html,a303c285,Joshuaamm7,2026-04-11,02:32:47,-07:00,2026-04-11T02:32:47-07:00,3,109
resume/index.html,81,html,a303c285,Joshuaamm7,2026-04-11,02:32:47,-07:00,2026-04-11T02:32:47-07:00,3,108
resume/index.html,82,html,a303c285,Joshuaamm7,2026-04-11,02:32:47,-07:00,2026-04-11T02:32:47-07:00,3,109
resume/index.html,83,html,1f417083,Joshuaamm7,2026-04-03,20:38:17,-07:00,2026-04-03T20:38:17-07:00,2,3
resume/index.html,84,html,1f417083,Joshuaamm7,2026-04-03,20:38:17,-07:00,2026-04-03T20:38:17-07:00,1,8
resume/index.html,85,html,1f417083,Joshuaamm7,2026-04-03,20:38:17,-07:00,2026-04-03T20:38:17-07:00,0,0
resume/index.html,86,html,1f417083,Joshuaamm7,2026-04-03,20:38:17,-07:00,2026-04-03T20:38:17-07:00,0,8
resume/index.html,87,html,1f417083,Joshuaamm7,2026-04-03,20:38:17,-07:00,2026-04-03T20:38:17-07:00,0,0
resume/index.html,88,html,1f417083,Joshuaamm7,2026-04-03,20:38:17,-07:00,2026-04-03T20:38:17-07:00,0,15
resume/index.html,89,html,1f417083,Joshuaamm7,2026-04-03,20:38:17,-07:00,2026-04-03T20:38:17-07:00,0,7
resume/index.html,90,html,1f417083,Joshuaamm7,2026-04-03,20:38:17,-07:00,2026-04-03T20:38:17-07:00,1,6
resume/index.html,91,html,1f417083,Joshuaamm7,2026-04-03,20:38:17,-07:00,2026-04-03T20:38:17-07:00,2,15
resume/index.html,92,html,23785071,Joshuaamm7,2026-04-03,20:55:43,-07:00,2026-04-03T20:55:43-07:00,2,54
resume/index.html,93,html,1f417083,Joshuaamm7,2026-04-03,20:38:17,-07:00,2026-04-03T20:38:17-07:00,1,12
resume/index.html,94,html,1f417083,Joshuaamm7,2026-04-03,20:38:17,-07:00,2026-04-03T20:38:17-07:00,2,2
resume/index.html,95,html,1f417083,Joshuaamm7,2026-04-03,20:38:17,-07:00,2026-04-03T20:38:17-07:00,1,7
resume/index.html,96,html,1f417083,Joshuaamm7,2026-04-03,20:38:17,-07:00,2026-04-03T20:38:17-07:00,0,0
resume/index.html,97,html,1f417083,Joshuaamm7,2026-04-03,20:38:17,-07:00,2026-04-03T20:38:17-07:00,1,7
resume/index.html,98,html,1f417083,Joshuaamm7,2026-04-03,20:38:17,-07:00,2026-04-03T20:38:17-07:00,2,23
resume/index.html,99,html,1f417083,Joshuaamm7,2026-04-03,20:38:17,-07:00,2026-04-03T20:38:17-07:00,2,1
resume/index.html,100,html,a303c285,Joshuaamm7,2026-04-11,02:32:47,-07:00,2026-04-11T02:32:47-07:00,4,2
resume/index.html,101,html,a303c285,Joshuaamm7,2026-04-11,02:32:47,-07:00,2026-04-11T02:32:47-07:00,6,2
resume/index.html,102,html,a303c285,Joshuaamm7,2026-04-11,02:32:47,-07:00,2026-04-11T02:32:47-07:00,8,66
resume/index.html,103,html,a303c285,Joshuaamm7,2026-04-11,02:32:47,-07:00,2026-04-11T02:32:47-07:00,6,3
resume/index.html,104,html,a303c285,Joshuaamm7,2026-04-11,02:32:47,-07:00,2026-04-11T02:32:47-07:00,4,3
resume/index.html,105,html,a303c285,Joshuaamm7,2026-04-11,02:32:47,-07:00,2026-04-11T02:32:47-07:00,0,0
resume/index.html,106,html,a303c285,Joshuaamm7,2026-04-11,02:32:47,-07:00,2026-04-11T02:32:47-07:00,2,2
resume/index.html,107,html,a303c285,Joshuaamm7,2026-04-11,02:32:47,-07:00,2026-04-11T02:32:47-07:00,2,47
resume/index.html,108,html,a303c285,Joshuaamm7,2026-04-11,02:32:47,-07:00,2026-04-11T02:32:47-07:00,1,8
resume/index.html,109,html,a303c285,Joshuaamm7,2026-04-11,02:32:47,-07:00,2026-04-11T02:32:47-07:00,0,0
resume/index.html,110,html,a303c285,Joshuaamm7,2026-04-11,02:32:47,-07:00,2026-04-11T02:32:47-07:00,1,7
resume/index.html,111,html,a303c285,Joshuaamm7,2026-04-11,02:32:47,-07:00,2026-04-11T02:32:47-07:00,2,46
resume/index.html,112,html,a303c285,Joshuaamm7,2026-04-11,02:32:47,-07:00,2026-04-11T02:32:47-07:00,2,1
resume/index.html,113,html,a303c285,Joshuaamm7,2026-04-11,02:32:47,-07:00,2026-04-11T02:32:47-07:00,4,2
resume/index.html,114,html,a303c285,Joshuaamm7,2026-04-11,02:32:47,-07:00,2026-04-11T02:32:47-07:00,6,99
resume/index.html,115,html,a303c285,Joshuaamm7,2026-04-11,02:32:47,-07:00,2026-04-11T02:32:47-07:00,0,85
resume/index.html,116,html,a303c285,Joshuaamm7,2026-04-11,02:32:47,-07:00,2026-04-11T02:32:47-07:00,4,3
resume/index.html,117,html,a303c285,Joshuaamm7,2026-04-11,02:32:47,-07:00,2026-04-11T02:32:47-07:00,3,0
resume/index.html,118,html,1f417083,Joshuaamm7,2026-04-03,20:38:17,-07:00,2026-04-03T20:38:17-07:00,2,2
resume/index.html,119,html,1f417083,Joshuaamm7,2026-04-03,20:38:17,-07:00,2026-04-03T20:38:17-07:00,2,47
resume/index.html,120,html,1f417083,Joshuaamm7,2026-04-03,20:38:17,-07:00,2026-04-03T20:38:17-07:00,1,8
resume/index.html,121,html,1f417083,Joshuaamm7,2026-04-03,20:38:17,-07:00,2026-04-03T20:38:17-07:00,0,8
resume/index.html,122,html,1f417083,Joshuaamm7,2026-04-03,20:38:17,-07:00,2026-04-03T20:38:17-07:00,0,0
resume/index.html,123,html,1f417083,Joshuaamm7,2026-04-03,20:38:17,-07:00,2026-04-03T20:38:17-07:00,0,13
resume/index.html,124,html,1f417083,Joshuaamm7,2026-04-03,20:38:17,-07:00,2026-04-03T20:38:17-07:00,0,7
resume/index.html,125,html,1f417083,Joshuaamm7,2026-04-03,20:38:17,-07:00,2026-04-03T20:38:17-07:00,1,6
resume/index.html,126,html,1f417083,Joshuaamm7,2026-04-03,20:38:17,-07:00,2026-04-03T20:38:17-07:00,2,13
resume/index.html,127,html,1f417083,Joshuaamm7,2026-04-03,20:38:17,-07:00,2026-04-03T20:38:17-07:00,1,7
resume/index.html,128,html,1f417083,Joshuaamm7,2026-04-03,20:38:17,-07:00,2026-04-03T20:38:17-07:00,0,0
resume/index.html,129,html,1f417083,Joshuaamm7,2026-04-03,20:38:17,-07:00,2026-04-03T20:38:17-07:00,1,2
resume/index.html,130,html,1f417083,Joshuaamm7,2026-04-03,20:38:17,-07:00,2026-04-03T20:38:17-07:00,2,29
resume/index.html,131,html,1f417083,Joshuaamm7,2026-04-03,20:38:17,-07:00,2026-04-03T20:38:17-07:00,2,25
resume/index.html,132,html,1f417083,Joshuaamm7,2026-04-03,20:38:17,-07:00,2026-04-03T20:38:17-07:00,2,10
resume/index.html,133,html,1f417083,Joshuaamm7,2026-04-03,20:38:17,-07:00,2026-04-03T20:38:17-07:00,2,12
resume/index.html,134,html,1f417083,Joshuaamm7,2026-04-03,20:38:17,-07:00,2026-04-03T20:38:17-07:00,1,3
resume/index.html,135,html,1f417083,Joshuaamm7,2026-04-03,20:38:17,-07:00,2026-04-03T20:38:17-07:00,0,8
resume/index.html,136,html,1f417083,Joshuaamm7,2026-04-03,20:38:17,-07:00,2026-04-03T20:38:17-07:00,0,0
resume/index.html,137,html,1f417083,Joshuaamm7,2026-04-03,20:38:17,-07:00,2026-04-03T20:38:17-07:00,0,5
resume/index.html,138,html,1f417083,Joshuaamm7,2026-04-03,20:38:17,-07:00,2026-04-03T20:38:17-07:00,0,5
projects/projects.js,1,js,f76ed67f,Joshuaamm7,2026-04-23,17:32:35,-07:00,2026-04-23T17:32:35-07:00,0,55
projects/projects.js,2,js,f8f1c0ec,Joshuaamm7,2026-05-01,22:57:26,-07:00,2026-05-01T22:57:26-07:00,0,63
projects/projects.js,3,js,f76ed67f,Joshuaamm7,2026-04-23,17:32:35,-07:00,2026-04-23T17:32:35-07:00,0,0
projects/projects.js,4,js,f76ed67f,Joshuaamm7,2026-04-23,17:32:35,-07:00,2026-04-23T17:32:35-07:00,0,11
projects/projects.js,5,js,f76ed67f,Joshuaamm7,2026-04-23,17:32:35,-07:00,2026-04-23T17:32:35-07:00,0,55
projects/projects.js,6,js,f76ed67f,Joshuaamm7,2026-04-23,17:32:35,-07:00,2026-04-23T17:32:35-07:00,0,0
projects/projects.js,7,js,f76ed67f,Joshuaamm7,2026-04-23,17:32:35,-07:00,2026-04-23T17:32:35-07:00,0,16
projects/projects.js,8,js,f76ed67f,Joshuaamm7,2026-04-23,17:32:35,-07:00,2026-04-23T17:32:35-07:00,0,60
projects/projects.js,9,js,f76ed67f,Joshuaamm7,2026-04-23,17:32:35,-07:00,2026-04-23T17:32:35-07:00,0,61
projects/projects.js,10,js,d8a92381,Joshuaamm7,2026-05-01,23:10:53,-07:00,2026-05-01T23:10:53-07:00,0,55
projects/projects.js,11,js,f76ed67f,Joshuaamm7,2026-04-23,17:32:35,-07:00,2026-04-23T17:32:35-07:00,0,0
projects/projects.js,12,js,907dcf77,Joshuaamm7,2026-05-01,23:28:55,-07:00,2026-05-01T23:28:55-07:00,0,16
projects/projects.js,13,js,907dcf77,Joshuaamm7,2026-05-01,23:28:55,-07:00,2026-05-01T23:28:55-07:00,0,13
projects/projects.js,14,js,907dcf77,Joshuaamm7,2026-05-01,23:28:55,-07:00,2026-05-01T23:28:55-07:00,0,21
projects/projects.js,15,js,907dcf77,Joshuaamm7,2026-05-01,23:28:55,-07:00,2026-05-01T23:28:55-07:00,0,0
projects/projects.js,16,js,d8a92381,Joshuaamm7,2026-05-01,23:10:53,-07:00,2026-05-01T23:10:53-07:00,0,29
projects/projects.js,17,js,f76ed67f,Joshuaamm7,2026-04-23,17:32:35,-07:00,2026-04-23T17:32:35-07:00,0,48
projects/projects.js,18,js,3c5f07f8,Joshuaamm7,2026-05-01,22:41:44,-07:00,2026-05-01T22:41:44-07:00,0,57
projects/projects.js,19,js,3c5f07f8,Joshuaamm7,2026-05-01,22:41:44,-07:00,2026-05-01T22:41:44-07:00,0,0
projects/projects.js,20,js,d8a92381,Joshuaamm7,2026-05-01,23:10:53,-07:00,2026-05-01T23:10:53-07:00,0,29
projects/projects.js,21,js,d8a92381,Joshuaamm7,2026-05-01,23:10:53,-07:00,2026-05-01T23:10:53-07:00,0,38
projects/projects.js,22,js,d8a92381,Joshuaamm7,2026-05-01,23:10:53,-07:00,2026-05-01T23:10:53-07:00,1,26
projects/projects.js,23,js,d8a92381,Joshuaamm7,2026-05-01,23:10:53,-07:00,2026-05-01T23:10:53-07:00,2,12
projects/projects.js,24,js,d8a92381,Joshuaamm7,2026-05-01,23:10:53,-07:00,2026-05-01T23:10:53-07:00,2,14
projects/projects.js,25,js,d8a92381,Joshuaamm7,2026-05-01,23:10:53,-07:00,2026-05-01T23:10:53-07:00,2,11
projects/projects.js,26,js,d8a92381,Joshuaamm7,2026-05-01,23:10:53,-07:00,2026-05-01T23:10:53-07:00,1,0
projects/projects.js,27,js,d8a92381,Joshuaamm7,2026-05-01,23:10:53,-07:00,2026-05-01T23:10:53-07:00,0,0
projects/projects.js,28,js,d8a92381,Joshuaamm7,2026-05-01,23:10:53,-07:00,2026-05-01T23:10:53-07:00,1,44
projects/projects.js,29,js,d8a92381,Joshuaamm7,2026-05-01,23:10:53,-07:00,2026-05-01T23:10:53-07:00,2,35
projects/projects.js,30,js,d8a92381,Joshuaamm7,2026-05-01,23:10:53,-07:00,2026-05-01T23:10:53-07:00,1,1
projects/projects.js,31,js,d8a92381,Joshuaamm7,2026-05-01,23:10:53,-07:00,2026-05-01T23:10:53-07:00,0,0
projects/projects.js,32,js,d8a92381,Joshuaamm7,2026-05-01,23:10:53,-07:00,2026-05-01T23:10:53-07:00,1,57
projects/projects.js,33,js,d8a92381,Joshuaamm7,2026-05-01,23:10:53,-07:00,2026-05-01T23:10:53-07:00,1,50
projects/projects.js,34,js,d8a92381,Joshuaamm7,2026-05-01,23:10:53,-07:00,2026-05-01T23:10:53-07:00,1,33
projects/projects.js,35,js,d8a92381,Joshuaamm7,2026-05-01,23:10:53,-07:00,2026-05-01T23:10:53-07:00,1,45
projects/projects.js,36,js,d8a92381,Joshuaamm7,2026-05-01,23:10:53,-07:00,2026-05-01T23:10:53-07:00,0,0
projects/projects.js,37,js,d8a92381,Joshuaamm7,2026-05-01,23:10:53,-07:00,2026-05-01T23:10:53-07:00,1,47
projects/projects.js,38,js,3c5f07f8,Joshuaamm7,2026-05-01,22:41:44,-07:00,2026-05-01T22:41:44-07:00,0,0
projects/projects.js,39,js,d8a92381,Joshuaamm7,2026-05-01,23:10:53,-07:00,2026-05-01T23:10:53-07:00,1,31
projects/projects.js,40,js,d8a92381,Joshuaamm7,2026-05-01,23:10:53,-07:00,2026-05-01T23:10:53-07:00,1,40
projects/projects.js,41,js,d8a92381,Joshuaamm7,2026-05-01,23:10:53,-07:00,2026-05-01T23:10:53-07:00,1,29
projects/projects.js,42,js,88bf7357,Joshuaamm7,2026-05-01,23:03:48,-07:00,2026-05-01T23:03:48-07:00,0,0
projects/projects.js,43,js,d8a92381,Joshuaamm7,2026-05-01,23:10:53,-07:00,2026-05-01T23:10:53-07:00,1,32
projects/projects.js,44,js,d8a92381,Joshuaamm7,2026-05-01,23:10:53,-07:00,2026-05-01T23:10:53-07:00,1,30
projects/projects.js,45,js,d8a92381,Joshuaamm7,2026-05-01,23:10:53,-07:00,2026-05-01T23:10:53-07:00,0,0
projects/projects.js,46,js,d8a92381,Joshuaamm7,2026-05-01,23:10:53,-07:00,2026-05-01T23:10:53-07:00,1,19
projects/projects.js,47,js,907dcf77,Joshuaamm7,2026-05-01,23:28:55,-07:00,2026-05-01T23:28:55-07:00,1,24
projects/projects.js,48,js,d8a92381,Joshuaamm7,2026-05-01,23:10:53,-07:00,2026-05-01T23:10:53-07:00,2,1
projects/projects.js,49,js,d8a92381,Joshuaamm7,2026-05-01,23:10:53,-07:00,2026-05-01T23:10:53-07:00,3,13
projects/projects.js,50,js,d8a92381,Joshuaamm7,2026-05-01,23:10:53,-07:00,2026-05-01T23:10:53-07:00,3,13
projects/projects.js,51,js,907dcf77,Joshuaamm7,2026-05-01,23:28:55,-07:00,2026-05-01T23:28:55-07:00,3,22
projects/projects.js,52,js,907dcf77,Joshuaamm7,2026-05-01,23:28:55,-07:00,2026-05-01T23:28:55-07:00,3,51
projects/projects.js,53,js,907dcf77,Joshuaamm7,2026-05-01,23:28:55,-07:00,2026-05-01T23:28:55-07:00,3,18
projects/projects.js,54,js,907dcf77,Joshuaamm7,2026-05-01,23:28:55,-07:00,2026-05-01T23:28:55-07:00,4,43
projects/projects.js,55,js,907dcf77,Joshuaamm7,2026-05-01,23:28:55,-07:00,2026-05-01T23:28:55-07:00,0,0
projects/projects.js,56,js,907dcf77,Joshuaamm7,2026-05-01,23:28:55,-07:00,2026-05-01T23:28:55-07:00,4,1
projects/projects.js,57,js,907dcf77,Joshuaamm7,2026-05-01,23:28:55,-07:00,2026-05-01T23:28:55-07:00,5,16
projects/projects.js,58,js,907dcf77,Joshuaamm7,2026-05-01,23:28:55,-07:00,2026-05-01T23:28:55-07:00,5,68
projects/projects.js,59,js,907dcf77,Joshuaamm7,2026-05-01,23:28:55,-07:00,2026-05-01T23:28:55-07:00,0,0
projects/projects.js,60,js,907dcf77,Joshuaamm7,2026-05-01,23:28:55,-07:00,2026-05-01T23:28:55-07:00,4,4
projects/projects.js,61,js,907dcf77,Joshuaamm7,2026-05-01,23:28:55,-07:00,2026-05-01T23:28:55-07:00,5,14
projects/projects.js,62,js,907dcf77,Joshuaamm7,2026-05-01,23:28:55,-07:00,2026-05-01T23:28:55-07:00,5,24
projects/projects.js,63,js,907dcf77,Joshuaamm7,2026-05-01,23:28:55,-07:00,2026-05-01T23:28:55-07:00,6,60
projects/projects.js,64,js,907dcf77,Joshuaamm7,2026-05-01,23:28:55,-07:00,2026-05-01T23:28:55-07:00,5,0
projects/projects.js,65,js,907dcf77,Joshuaamm7,2026-05-01,23:28:55,-07:00,2026-05-01T23:28:55-07:00,0,0
projects/projects.js,66,js,907dcf77,Joshuaamm7,2026-05-01,23:28:55,-07:00,2026-05-01T23:28:55-07:00,4,25
projects/projects.js,67,js,907dcf77,Joshuaamm7,2026-05-01,23:28:55,-07:00,2026-05-01T23:28:55-07:00,5,53
projects/projects.js,68,js,907dcf77,Joshuaamm7,2026-05-01,23:28:55,-07:00,2026-05-01T23:28:55-07:00,5,62
projects/projects.js,69,js,907dcf77,Joshuaamm7,2026-05-01,23:28:55,-07:00,2026-05-01T23:28:55-07:00,4,6
projects/projects.js,70,js,907dcf77,Joshuaamm7,2026-05-01,23:28:55,-07:00,2026-05-01T23:28:55-07:00,5,43
projects/projects.js,71,js,907dcf77,Joshuaamm7,2026-05-01,23:28:55,-07:00,2026-05-01T23:28:55-07:00,0,0
projects/projects.js,72,js,907dcf77,Joshuaamm7,2026-05-01,23:28:55,-07:00,2026-05-01T23:28:55-07:00,5,54
projects/projects.js,73,js,907dcf77,Joshuaamm7,2026-05-01,23:28:55,-07:00,2026-05-01T23:28:55-07:00,6,43
projects/projects.js,74,js,907dcf77,Joshuaamm7,2026-05-01,23:28:55,-07:00,2026-05-01T23:28:55-07:00,5,0
projects/projects.js,75,js,907dcf77,Joshuaamm7,2026-05-01,23:28:55,-07:00,2026-05-01T23:28:55-07:00,0,0
projects/projects.js,76,js,907dcf77,Joshuaamm7,2026-05-01,23:28:55,-07:00,2026-05-01T23:28:55-07:00,5,56
projects/projects.js,77,js,907dcf77,Joshuaamm7,2026-05-01,23:28:55,-07:00,2026-05-01T23:28:55-07:00,5,65
projects/projects.js,78,js,907dcf77,Joshuaamm7,2026-05-01,23:28:55,-07:00,2026-05-01T23:28:55-07:00,4,0
projects/projects.js,79,js,907dcf77,Joshuaamm7,2026-05-01,23:28:55,-07:00,2026-05-01T23:28:55-07:00,3,1
projects/projects.js,80,js,d8a92381,Joshuaamm7,2026-05-01,23:10:53,-07:00,2026-05-01T23:10:53-07:00,1,1
projects/projects.js,81,js,d8a92381,Joshuaamm7,2026-05-01,23:10:53,-07:00,2026-05-01T23:10:53-07:00,0,0
projects/projects.js,82,js,d8a92381,Joshuaamm7,2026-05-01,23:10:53,-07:00,2026-05-01T23:10:53-07:00,1,21
projects/projects.js,83,js,d8a92381,Joshuaamm7,2026-05-01,23:10:53,-07:00,2026-05-01T23:10:53-07:00,1,24
projects/projects.js,84,js,d8a92381,Joshuaamm7,2026-05-01,23:10:53,-07:00,2026-05-01T23:10:53-07:00,2,4
projects/projects.js,85,js,d8a92381,Joshuaamm7,2026-05-01,23:10:53,-07:00,2026-05-01T23:10:53-07:00,3,11
projects/projects.js,86,js,907dcf77,Joshuaamm7,2026-05-01,23:28:55,-07:00,2026-05-01T23:28:55-07:00,3,76
projects/projects.js,87,js,d8a92381,Joshuaamm7,2026-05-01,23:10:53,-07:00,2026-05-01T23:10:53-07:00,3,39
projects/projects.js,88,js,d8a92381,Joshuaamm7,2026-05-01,23:10:53,-07:00,2026-05-01T23:10:53-07:00,3,69
projects/projects.js,89,js,d8a92381,Joshuaamm7,2026-05-01,23:10:53,-07:00,2026-05-01T23:10:53-07:00,1,1
projects/projects.js,90,js,d8a92381,Joshuaamm7,2026-05-01,23:10:53,-07:00,2026-05-01T23:10:53-07:00,0,0
projects/projects.js,91,js,d8a92381,Joshuaamm7,2026-05-01,23:10:53,-07:00,2026-05-01T23:10:53-07:00,0,0
projects/projects.js,92,js,d8a92381,Joshuaamm7,2026-05-01,23:10:53,-07:00,2026-05-01T23:10:53-07:00,0,30
projects/projects.js,93,js,d8a92381,Joshuaamm7,2026-05-01,23:10:53,-07:00,2026-05-01T23:10:53-07:00,0,23
projects/projects.js,94,js,d8a92381,Joshuaamm7,2026-05-01,23:10:53,-07:00,2026-05-01T23:10:53-07:00,0,0
projects/projects.js,95,js,d8a92381,Joshuaamm7,2026-05-01,23:10:53,-07:00,2026-05-01T23:10:53-07:00,0,21
projects/projects.js,96,js,d8a92381,Joshuaamm7,2026-05-01,23:10:53,-07:00,2026-05-01T23:10:53-07:00,0,48
projects/projects.js,97,js,973a6733,Joshuaamm7,2026-05-01,23:21:09,-07:00,2026-05-01T23:21:09-07:00,1,39
projects/projects.js,98,js,3c5f07f8,Joshuaamm7,2026-05-01,22:41:44,-07:00,2026-05-01T22:41:44-07:00,0,0
projects/projects.js,99,js,d8a92381,Joshuaamm7,2026-05-01,23:10:53,-07:00,2026-05-01T23:10:53-07:00,1,51
projects/projects.js,100,js,d8a92381,Joshuaamm7,2026-05-01,23:10:53,-07:00,2026-05-01T23:10:53-07:00,2,59
projects/projects.js,101,js,973a6733,Joshuaamm7,2026-05-01,23:21:09,-07:00,2026-05-01T23:21:09-07:00,2,28
projects/projects.js,102,js,d8a92381,Joshuaamm7,2026-05-01,23:10:53,-07:00,2026-05-01T23:10:53-07:00,1,1
projects/projects.js,103,js,3c5f07f8,Joshuaamm7,2026-05-01,22:41:44,-07:00,2026-05-01T22:41:44-07:00,0,0
projects/projects.js,104,js,d8a92381,Joshuaamm7,2026-05-01,23:10:53,-07:00,2026-05-01T23:10:53-07:00,1,56
projects/projects.js,105,js,f8f1c0ec,Joshuaamm7,2026-05-01,22:57:26,-07:00,2026-05-01T22:57:26-07:00,0,0
projects/projects.js,106,js,d8a92381,Joshuaamm7,2026-05-01,23:10:53,-07:00,2026-05-01T23:10:53-07:00,1,65
projects/projects.js,107,js,f8f1c0ec,Joshuaamm7,2026-05-01,22:57:26,-07:00,2026-05-01T22:57:26-07:00,0,0
projects/projects.js,108,js,907dcf77,Joshuaamm7,2026-05-01,23:28:55,-07:00,2026-05-01T23:28:55-07:00,1,17
projects/projects.js,109,js,d8a92381,Joshuaamm7,2026-05-01,23:10:53,-07:00,2026-05-01T23:10:53-07:00,1,31
projects/projects.js,110,js,3c5f07f8,Joshuaamm7,2026-05-01,22:41:44,-07:00,2026-05-01T22:41:44-07:00,0,1
projects/index.html,1,html,1f417083,Joshuaamm7,2026-04-03,20:38:17,-07:00,2026-04-03T20:38:17-07:00,0,13
projects/index.html,2,html,1f417083,Joshuaamm7,2026-04-03,20:38:17,-07:00,2026-04-03T20:38:17-07:00,0,14
projects/index.html,3,html,1f417083,Joshuaamm7,2026-04-03,20:38:17,-07:00,2026-04-03T20:38:17-07:00,0,4
projects/index.html,4,html,1f417083,Joshuaamm7,2026-04-03,20:38:17,-07:00,2026-04-03T20:38:17-07:00,2,20
projects/index.html,5,html,1f417083,Joshuaamm7,2026-04-03,20:38:17,-07:00,2026-04-03T20:38:17-07:00,2,68
projects/index.html,6,html,0d343e30,Joshuaamm7,2026-04-10,19:32:04,-07:00,2026-04-10T19:32:04-07:00,2,29
projects/index.html,7,html,0084b7ed,Joshuaamm7,2026-04-10,19:50:34,-07:00,2026-04-10T19:50:34-07:00,2,41
projects/index.html,8,html,1d02fe1b,Joshuaamm7,2026-04-17,16:15:55,-07:00,2026-04-17T16:15:55-07:00,2,48
projects/index.html,9,html,f76ed67f,Joshuaamm7,2026-04-23,17:32:35,-07:00,2026-04-23T17:32:35-07:00,2,47
projects/index.html,10,html,1f417083,Joshuaamm7,2026-04-03,20:38:17,-07:00,2026-04-03T20:38:17-07:00,0,0
projects/index.html,11,html,1f417083,Joshuaamm7,2026-04-03,20:38:17,-07:00,2026-04-03T20:38:17-07:00,0,5
projects/index.html,12,html,1f417083,Joshuaamm7,2026-04-03,20:38:17,-07:00,2026-04-03T20:38:17-07:00,0,4
projects/index.html,13,html,b18d3820,Joshuaamm7,2026-04-23,17:37:44,-07:00,2026-04-23T17:37:44-07:00,2,38
projects/index.html,14,html,1f417083,Joshuaamm7,2026-04-03,20:38:17,-07:00,2026-04-03T20:38:17-07:00,2,55
projects/index.html,15,html,1f417083,Joshuaamm7,2026-04-03,20:38:17,-07:00,2026-04-03T20:38:17-07:00,0,0
projects/index.html,16,html,f8f1c0ec,Joshuaamm7,2026-05-01,22:57:26,-07:00,2026-05-01T22:57:26-07:00,2,27
projects/index.html,17,html,f8f1c0ec,Joshuaamm7,2026-05-01,22:57:26,-07:00,2026-05-01T22:57:26-07:00,4,58
projects/index.html,18,html,f8f1c0ec,Joshuaamm7,2026-05-01,22:57:26,-07:00,2026-05-01T22:57:26-07:00,0,0
projects/index.html,19,html,f8f1c0ec,Joshuaamm7,2026-05-01,22:57:26,-07:00,2026-05-01T22:57:26-07:00,4,22
projects/index.html,20,html,f8f1c0ec,Joshuaamm7,2026-05-01,22:57:26,-07:00,2026-05-01T22:57:26-07:00,2,4
projects/index.html,21,html,88bf7357,Joshuaamm7,2026-05-01,23:03:48,-07:00,2026-05-01T23:03:48-07:00,2,0
projects/index.html,22,html,88bf7357,Joshuaamm7,2026-05-01,23:03:48,-07:00,2026-05-01T23:03:48-07:00,2,4
projects/index.html,23,html,88bf7357,Joshuaamm7,2026-05-01,23:03:48,-07:00,2026-05-01T23:03:48-07:00,2,15
projects/index.html,24,html,88bf7357,Joshuaamm7,2026-05-01,23:03:48,-07:00,2026-05-01T23:03:48-07:00,2,11
projects/index.html,25,html,88bf7357,Joshuaamm7,2026-05-01,23:03:48,-07:00,2026-05-01T23:03:48-07:00,2,26
projects/index.html,26,html,88bf7357,Joshuaamm7,2026-05-01,23:03:48,-07:00,2026-05-01T23:03:48-07:00,2,31
projects/index.html,27,html,88bf7357,Joshuaamm7,2026-05-01,23:03:48,-07:00,2026-05-01T23:03:48-07:00,2,0
projects/index.html,28,html,3c5f07f8,Joshuaamm7,2026-05-01,22:41:44,-07:00,2026-05-01T22:41:44-07:00,0,0
projects/index.html,29,html,e26cada3,Joshuaamm7,2026-05-01,22:32:06,-07:00,2026-05-01T22:32:06-07:00,0,0
projects/index.html,30,html,1062763c,Joshuaamm7,2026-04-11,02:02:20,-07:00,2026-04-11T02:02:20-07:00,2,20
projects/index.html,31,html,f76ed67f,Joshuaamm7,2026-04-23,17:32:35,-07:00,2026-04-23T17:32:35-07:00,2,0
projects/index.html,32,html,1062763c,Joshuaamm7,2026-04-11,02:02:20,-07:00,2026-04-11T02:02:20-07:00,2,4
projects/index.html,33,html,1f417083,Joshuaamm7,2026-04-03,20:38:17,-07:00,2026-04-03T20:38:17-07:00,2,0
projects/index.html,34,html,1f417083,Joshuaamm7,2026-04-03,20:38:17,-07:00,2026-04-03T20:38:17-07:00,0,5
projects/index.html,35,html,1f417083,Joshuaamm7,2026-04-03,20:38:17,-07:00,2026-04-03T20:38:17-07:00,0,5
contact/index.html,1,html,c03ba889,Joshuaamm7,2026-04-03,20:12:28,-07:00,2026-04-03T20:12:28-07:00,0,13
contact/index.html,2,html,c03ba889,Joshuaamm7,2026-04-03,20:12:28,-07:00,2026-04-03T20:12:28-07:00,0,14
contact/index.html,3,html,c03ba889,Joshuaamm7,2026-04-03,20:12:28,-07:00,2026-04-03T20:12:28-07:00,0,4
contact/index.html,4,html,c03ba889,Joshuaamm7,2026-04-03,20:12:28,-07:00,2026-04-03T20:12:28-07:00,2,20
contact/index.html,5,html,c03ba889,Joshuaamm7,2026-04-03,20:12:28,-07:00,2026-04-03T20:12:28-07:00,2,68
contact/index.html,6,html,1f417083,Joshuaamm7,2026-04-03,20:38:17,-07:00,2026-04-03T20:38:17-07:00,2,21
contact/index.html,7,html,0084b7ed,Joshuaamm7,2026-04-10,19:50:34,-07:00,2026-04-10T19:50:34-07:00,2,41
contact/index.html,8,html,1d02fe1b,Joshuaamm7,2026-04-17,16:15:55,-07:00,2026-04-17T16:15:55-07:00,2,48
contact/index.html,9,html,0d343e30,Joshuaamm7,2026-04-10,19:32:04,-07:00,2026-04-10T19:32:04-07:00,0,0
contact/index.html,10,html,9cc29511,Joshuaamm7,2026-04-17,16:56:08,-07:00,2026-04-17T16:56:08-07:00,2,0
contact/index.html,11,html,c03ba889,Joshuaamm7,2026-04-03,20:12:28,-07:00,2026-04-03T20:12:28-07:00,0,5
contact/index.html,12,html,c03ba889,Joshuaamm7,2026-04-03,20:12:28,-07:00,2026-04-03T20:12:28-07:00,0,4
contact/index.html,13,html,c03ba889,Joshuaamm7,2026-04-03,20:12:28,-07:00,2026-04-03T20:12:28-07:00,0,0
contact/index.html,14,html,1f417083,Joshuaamm7,2026-04-03,20:38:17,-07:00,2026-04-03T20:38:17-07:00,2,19
contact/index.html,15,html,1f417083,Joshuaamm7,2026-04-03,20:38:17,-07:00,2026-04-03T20:38:17-07:00,2,74
contact/index.html,16,html,1f417083,Joshuaamm7,2026-04-03,20:38:17,-07:00,2026-04-03T20:38:17-07:00,2,71
contact/index.html,17,html,1f417083,Joshuaamm7,2026-04-03,20:38:17,-07:00,2026-04-03T20:38:17-07:00,1,0
contact/index.html,18,html,1f417083,Joshuaamm7,2026-04-03,20:38:17,-07:00,2026-04-03T20:38:17-07:00,1,5
contact/index.html,19,html,1f417083,Joshuaamm7,2026-04-03,20:38:17,-07:00,2026-04-03T20:38:17-07:00,2,9
contact/index.html,20,html,1f417083,Joshuaamm7,2026-04-03,20:38:17,-07:00,2026-04-03T20:38:17-07:00,2,70
contact/index.html,21,html,1f417083,Joshuaamm7,2026-04-03,20:38:17,-07:00,2026-04-03T20:38:17-07:00,1,6
contact/index.html,22,html,1f417083,Joshuaamm7,2026-04-03,20:38:17,-07:00,2026-04-03T20:38:17-07:00,0,0
contact/index.html,23,html,1f417083,Joshuaamm7,2026-04-03,20:38:17,-07:00,2026-04-03T20:38:17-07:00,1,5
contact/index.html,24,html,1f417083,Joshuaamm7,2026-04-03,20:38:17,-07:00,2026-04-03T20:38:17-07:00,2,6
contact/index.html,25,html,1f417083,Joshuaamm7,2026-04-03,20:38:17,-07:00,2026-04-03T20:38:17-07:00,2,29
contact/index.html,26,html,1f417083,Joshuaamm7,2026-04-03,20:38:17,-07:00,2026-04-03T20:38:17-07:00,1,6
contact/index.html,27,html,1f417083,Joshuaamm7,2026-04-03,20:38:17,-07:00,2026-04-03T20:38:17-07:00,0,0
contact/index.html,28,html,1f417083,Joshuaamm7,2026-04-03,20:38:17,-07:00,2026-04-03T20:38:17-07:00,1,5
contact/index.html,29,html,1f417083,Joshuaamm7,2026-04-03,20:38:17,-07:00,2026-04-03T20:38:17-07:00,2,6
contact/index.html,30,html,1f417083,Joshuaamm7,2026-04-03,20:38:17,-07:00,2026-04-03T20:38:17-07:00,2,86
contact/index.html,31,html,1f417083,Joshuaamm7,2026-04-03,20:38:17,-07:00,2026-04-03T20:38:17-07:00,1,6
contact/index.html,32,html,1f417083,Joshuaamm7,2026-04-03,20:38:17,-07:00,2026-04-03T20:38:17-07:00,0,0
contact/index.html,33,html,c56313a8,Joshuaamm7,2026-04-10,20:14:30,-07:00,2026-04-10T20:14:30-07:00,1,33
contact/index.html,34,html,1f417083,Joshuaamm7,2026-04-03,20:38:17,-07:00,2026-04-03T20:38:17-07:00,0,0
contact/index.html,35,html,1f417083,Joshuaamm7,2026-04-03,20:38:17,-07:00,2026-04-03T20:38:17-07:00,0,5
contact/index.html,36,html,1f417083,Joshuaamm7,2026-04-03,20:38:17,-07:00,2026-04-03T20:38:17-07:00,0,0
contact/index.html,37,html,c03ba889,Joshuaamm7,2026-04-03,20:12:28,-07:00,2026-04-03T20:12:28-07:00,0,5
contact/index.html,38,html,c03ba889,Joshuaamm7,2026-04-03,20:12:28,-07:00,2026-04-03T20:12:28-07:00,0,5
